y,x_countMS,x_numMS,x_cumDurMS,x_medDurMS,x_meanDurMS,x_interDurMeanMS,x_interDurMedianMS,x_cumProbMS,x_probEntropyMS,train,id,model
2400,0,0,0,0,0,0,0,0.00224614497668881,0.245437756255926,0,0pai,mU-Sleep
943,7,0.445387062566278,47,6,6.71428571428571,36.5,39.5,0.0918854147964676,46.6735440248238,0,3P0D,mU-Sleep
2400,0,0,0,0,0,0,0,0.00541107280875925,1.52084146723005,0,40kO,mU-Sleep
2400,0,0,0,0,0,0,0,0.00746748300200731,3.25745298226524,0,6JVj,mU-Sleep
901,0,0,0,0,0,0,0,0.00278293020519625,0.110206205885011,0,6iwd,mU-Sleep
590,0,0,0,0,0,0,0,0.00891799212263708,2.02227686982827,0,BSvO,mU-Sleep
2400,0,0,0,0,0,0,0,0.00320772220897804,0.572891068965299,0,DSfb,mU-Sleep
2400,0,0,0,0,0,0,0,0.01675434830624,8.59126062705245,0,EyTS,mU-Sleep
396,1,0.151515151515152,1,1,1,0,0,0.0443811465829824,9.32990307285157,0,IhpU,mU-Sleep
2400,0,0,0,0,0,0,0,0.0110699399024998,6.63666751412462,0,Kn9O,mU-Sleep
388,1,0.154639175257732,1,1,1,0,0,0.0356500548673326,6.6882099546627,0,N1nM,mU-Sleep
1228,0,0,0,0,0,0,0,0.0121952228392145,2.88564828308039,0,Otq3,mU-Sleep
2400,0,0,0,0,0,0,0,0.00256779255547978,0.30681267225911,0,R2f3,mU-Sleep
435,0,0,0,0,0,0,0,0.00560173640732156,0.399145146691429,0,Xg1l,mU-Sleep
2400,0,0,0,0,0,0,0,0.00533348237773074,3.82467555628072,0,Xii6,mU-Sleep
1734,5,0.173010380622837,21,4,4.2,61.75,34.5,0.0364531029192668,34.4811220426524,0,csxQ,mU-Sleep
2400,0,0,0,0,0,0,0,0.00728867699879023,3.93463083482584,0,hRMy,mU-Sleep
2400,0,0,0,0,0,0,0,0.00258942541109718,0.586347457106016,0,hcml,mU-Sleep
1323,0,0,0,0,0,0,0,0.0118601772338395,6.11193685656135,0,ibbz,mU-Sleep
2400,0,0,0,0,0,0,0,0.0281016924531286,27.3680662456833,0,kj2l,mU-Sleep
2400,0,0,0,0,0,0,0,0.00343980032046602,0.674439377388688,0,mBks,mU-Sleep
2400,0,0,0,0,0,0,0,0.00517696541764963,2.09732070609685,0,mZje,mU-Sleep
728,0,0,0,0,0,0,0,0.0103765938627395,2.39855773706645,0,tG6i,mU-Sleep
2400,0,0,0,0,0,0,0,0.00570411855936982,1.53398715142286,1,0ncr,mU-Sleep
2400,1,0.025,2,2,2,0,0,0.0232440622807189,21.2706528371485,1,3J4W,mU-Sleep
449,0,0,0,0,0,0,0,0.0145860510582819,1.85836426510965,1,5bSg,mU-Sleep
2400,0,0,0,0,0,0,0,0.00759818811687486,3.13795435813368,1,9098,mU-Sleep
639,0,0,0,0,0,0,0,0.0223501464301911,6.29724206781052,1,9JQY,mU-Sleep
2400,0,0,0,0,0,0,0,0.00726089331790111,4.53022759445334,1,AXbm,mU-Sleep
2400,0,0,0,0,0,0,0,0.00239130630067545,0.346613329086197,1,Af8a,mU-Sleep
2400,0,0,0,0,0,0,0,0.0032748258775852,0.538423003298839,1,AsLD,mU-Sleep
474,0,0,0,0,0,0,0,0.0123088406834529,2.09330653983424,1,C1Wu,mU-Sleep
1863,9,0.289855072463768,23,2,2.55555555555556,120.375,22.5,0.0510724090506891,45.6836796162457,1,DYYI,mU-Sleep
460,0,0,0,0,0,0,0,0.00889772161703466,1.09902873540968,1,DjrT,mU-Sleep
2161,0,0,0,0,0,0,0,0.00607089561499728,3.24182222766928,1,Dr51,mU-Sleep
2400,0,0,0,0,0,0,0,0.00391492101415982,0.817877662117777,1,EHED,mU-Sleep
1018,0,0,0,0,0,0,0,0.0106712744071472,3.17530013653387,1,EMcQ,mU-Sleep
1510,0,0,0,0,0,0,0,0.0191673630005094,9.00821927438469,1,G7PJ,mU-Sleep
681,0,0,0,0,0,0,0,0.0141593465588716,3.27886037305271,1,Ivfn,mU-Sleep
612,0,0,0,0,0,0,0,0.0170738637481407,4.0387682157642,1,JCpz,mU-Sleep
2400,0,0,0,0,0,0,0,0.00595446914690911,3.28712197673964,1,LR2s,mU-Sleep
2400,0,0,0,0,0,0,0,0.00329035222372719,0.793616200206194,1,MS6u,mU-Sleep
155,0,0,0,0,0,0,0,0.0120023436403097,0.263556719927492,1,Msy4,mU-Sleep
969,0,0,0,0,0,0,0,0.00405312800616309,0.547606098246416,1,Nzhl,mU-Sleep
1628,2,0.0737100737100737,2,1,1,10,10,0.00917555286909219,7.03543599221286,1,QDsa,mU-Sleep
2400,0,0,0,0,0,0,0,0.00245771595443027,0.307021918371962,1,RM1S,mU-Sleep
14,1,4.28571428571429,4,4,4,0,0,0.34276699617372,2.54535994756055,1,RfL0,mU-Sleep
2400,0,0,0,0,0,0,0,0.00956292920958125,5.61291065448786,1,SOZ3,mU-Sleep
2400,0,0,0,0,0,0,0,0.00378120293489095,0.734847185994466,1,UsSz,mU-Sleep
2400,0,0,0,0,0,0,0,0.00512788792470019,1.53357966394321,1,UwK6,mU-Sleep
787,0,0,0,0,0,0,0,0.0297213132140254,9.82872513649488,1,X7s0,mU-Sleep
984,3,0.182926829268293,11,5,3.66666666666667,5.5,5.5,0.0176584175306943,8.587030961374,1,Y4FK,mU-Sleep
2400,0,0,0,0,0,0,0,0.00298182223060091,0.394493298266681,1,YHLr,mU-Sleep
2400,0,0,0,0,0,0,0,0.00207811222274055,0.201807669836914,1,YOh8,mU-Sleep
1373,7,0.305899490167516,10,1,1.42857142857143,58,54.5,0.0506723113053946,38.1146361940594,1,ZYFG,mU-Sleep
2400,1,0.025,3,3,3,0,0,0.0220850637415848,24.5257643046485,1,Zpwh,mU-Sleep
858,2,0.13986013986014,5,2.5,2.5,5,5,0.0159582633704641,6.7010611351717,1,bkx9,mU-Sleep
2400,0,0,0,0,0,0,0,0.00615821545648942,2.61105150501172,1,cblr,mU-Sleep
2400,0,0,0,0,0,0,0,0.00411210063271331,1.64410584082122,1,d3ET,mU-Sleep
2400,0,0,0,0,0,0,0,0.00401365091173526,1.07197771774129,1,ddTG,mU-Sleep
2400,0,0,0,0,0,0,0,0.00526280776531469,2.43806541776561,1,f8H5,mU-Sleep
2400,0,0,0,0,0,0,0,0.00272890021482453,0.390735403561528,1,fNe4,mU-Sleep
1359,0,0,0,0,0,0,0,0.0155153079732995,9.37346926256225,1,fT68,mU-Sleep
2400,0,0,0,0,0,0,0,0.0118365414956133,6.51688061162,1,go56,mU-Sleep
1160,2,0.103448275862069,2,1,1,14,14,0.0147174257743935,7.28050484420815,1,hT38,mU-Sleep
1539,0,0,0,0,0,0,0,0.0269591657332712,15.6507546032429,1,iSqw,mU-Sleep
2400,0,0,0,0,0,0,0,0.00187165576684492,0.240675266462033,1,ipxV,mU-Sleep
2400,0,0,0,0,0,0,0,0.00344674082862184,0.71388548587465,1,muls,mU-Sleep
379,0,0,0,0,0,0,0,0.00273342173072598,0.0534381771666644,1,oOMR,mU-Sleep
2400,0,0,0,0,0,0,0,0.00486611794682782,1.40743651787247,1,pPpj,mU-Sleep
2400,0,0,0,0,0,0,0,0.00557686247693709,2.20550583968017,1,puoa,mU-Sleep
1426,2,0.0841514726507714,3,1.5,1.5,7,7,0.0107940010272893,6.35487505768856,1,sNMf,mU-Sleep
165,0,0,0,0,0,0,0,0.0547368854732309,4.49752528660627,1,svlu,mU-Sleep
2400,5,0.125,10,1,2,135.25,31,0.0344550414870416,36.5160496881959,1,uXdB,mU-Sleep
1053,0,0,0,0,0,0,0,0.0178180981622231,6.49913405354258,1,y5We,mU-Sleep
609,4,0.394088669950739,20,5,5,42.3333333333333,40,0.0511631206605963,12.9294273763929,1,zaca,mU-Sleep
2400,1,0.025,1,1,1,0,0,0.0634070741820285,73.0030705859146,0,0pai,patU-Sleep
943,14,0.890774125132556,19,1,1.35714285714286,20.2307692307692,9,0.0783352790585484,38.6160905509429,0,3P0D,patU-Sleep
2400,0,0,0,0,0,0,0,0.0231756806120519,19.7401276444687,0,40kO,patU-Sleep
2400,27,0.675,36,1,1.33333333333333,71.1153846153846,21.5,0.0908147179550027,123.303283855401,0,6JVj,patU-Sleep
901,0,0,0,0,0,0,0,0.0240851866496818,6.871481256104,0,6iwd,patU-Sleep
590,26,2.64406779661017,40,1,1.53846153846154,18.2,7,0.186161900847259,71.1075985189021,0,BSvO,patU-Sleep
2400,1,0.025,1,1,1,0,0,0.0159426660731726,9.11754543036042,0,DSfb,patU-Sleep
2400,128,3.2,356,1,2.78125,16,3,0.298883081705939,497.703314265217,0,EyTS,patU-Sleep
396,0,0,0,0,0,0,0,0.027539848171112,4.11191929277065,0,IhpU,patU-Sleep
2400,15,0.375,23,1,1.53333333333333,169.142857142857,39.5,0.0544789279969622,66.2243119132823,0,Kn9O,patU-Sleep
388,0,0,0,0,0,0,0,0.0277968670797536,3.48402109186336,0,N1nM,patU-Sleep
1228,7,0.342019543973941,8,1,1.14285714285714,197.166666666667,83,0.121987483577991,90.2519011294266,0,Otq3,patU-Sleep
2400,22,0.55,24,1,1.09090909090909,56.5238095238095,32,0.0825456342342938,101.238923918294,0,R2f3,patU-Sleep
435,1,0.137931034482759,1,1,1,0,0,0.048503175152537,9.16805960648171,0,Xg1l,patU-Sleep
2400,3,0.075,3,1,1,599.5,599.5,0.0243175503984155,22.1028138271077,0,Xii6,patU-Sleep
1734,1,0.0346020761245675,1,1,1,0,0,0.0266989709389409,16.6651565136548,0,csxQ,patU-Sleep
2400,0,0,0,0,0,0,0,0.0138643506482058,9.38105541667753,0,hRMy,patU-Sleep
2400,1,0.025,1,1,1,0,0,0.0174519191064567,12.2990150723666,0,hcml,patU-Sleep
1323,22,0.997732426303855,120,3.5,5.45454545454545,5.09523809523809,4,0.103311116750837,76.1740771885483,0,ibbz,patU-Sleep
2400,159,3.975,404,1,2.54088050314465,13.5253164556962,5,0.23773617313421,373.626852215746,0,kj2l,patU-Sleep
2400,18,0.45,25,1,1.38888888888889,138.352941176471,13,0.076245218844554,89.8738864502075,0,mBks,patU-Sleep
2400,85,2.125,129,1,1.51764705882353,27.9166666666667,12,0.144512677385874,214.691517269716,0,mZje,patU-Sleep
728,1,0.0824175824175824,1,1,1,0,0,0.0160298385032342,3.09026941235311,0,tG6i,patU-Sleep
2400,6,0.15,6,1,1,50,54,0.0683024307500986,84.2068852771539,1,0ncr,patU-Sleep
2400,2,0.05,2,1,1,211,211,0.0333036839836633,29.5893184815626,1,3J4W,patU-Sleep
449,0,0,0,0,0,0,0,0.0149750128297836,1.83230256222672,1,5bSg,patU-Sleep
2400,0,0,0,0,0,0,0,0.0324429214928236,27.450637261639,1,9098,patU-Sleep
639,4,0.375586854460094,5,1,1.25,3.33333333333333,3,0.0871969546700009,28.4793197741658,1,9JQY,patU-Sleep
2400,51,1.275,77,1,1.50980392156863,28.7,4,0.0939925375130187,132.010931497882,1,AXbm,patU-Sleep
2400,72,1.8,95,1,1.31944444444444,33.2535211267606,9,0.100488398596728,138.215033782814,1,Af8a,patU-Sleep
2400,0,0,0,0,0,0,0,0.0173650992955513,11.8535722413908,1,AsLD,patU-Sleep
474,0,0,0,0,0,0,0,0.0133959256573644,1.49224902800616,1,C1Wu,patU-Sleep
1863,110,3.5426731078905,176,1,1.6,16.4403669724771,7,0.175183778254121,203.222774319191,1,DYYI,patU-Sleep
460,2,0.260869565217391,2,1,1,187,187,0.0693537064708781,15.0993215208661,1,DjrT,patU-Sleep
2161,1,0.02776492364646,1,1,1,0,0,0.021185180058497,16.4166022473576,1,Dr51,patU-Sleep
2400,5,0.125,6,1,1.2,443,387,0.0987211405723271,127.192662221781,1,EHED,patU-Sleep
1018,8,0.471512770137525,10,1,1.25,21.1428571428571,23,0.0606303217035506,29.3241899419073,1,EMcQ,patU-Sleep
1510,73,2.90066225165563,102,1,1.3972602739726,16.4722222222222,7.5,0.228162380000465,235.607051916881,1,G7PJ,patU-Sleep
681,0,0,0,0,0,0,0,0.0168245583445636,3.37197487339934,1,Ivfn,patU-Sleep
612,20,1.96078431372549,52,1.5,2.6,30.3157894736842,5,0.25588001150398,106.390748643962,1,JCpz,patU-Sleep
2400,1,0.025,1,1,1,0,0,0.0308228230735501,27.3382870403168,1,LR2s,patU-Sleep
2400,4,0.1,4,1,1,799.333333333333,639,0.0889533101199295,109.555810735544,1,MS6u,patU-Sleep
155,7,2.70967741935484,9,1,1.28571428571429,7.33333333333333,6.5,0.287274312615468,31.3860173723605,1,Msy4,patU-Sleep
969,22,1.36222910216718,25,1,1.13636363636364,44.0952380952381,19,0.0966930485360428,50.8132888701486,1,Nzhl,patU-Sleep
1628,4,0.147420147420147,5,1,1.25,13.3333333333333,15,0.0148609077643038,9.31105580324531,1,QDsa,patU-Sleep
2400,41,1.025,46,1,1.1219512195122,57.475,21.5,0.120344952398497,164.158528931042,1,RM1S,patU-Sleep
14,2,8.57142857142857,8,4,4,3,3,0.435328026452649,3.71285072762463,1,RfL0,patU-Sleep
2400,2,0.05,2,1,1,857,857,0.0313857350612747,25.0941290413159,1,SOZ3,patU-Sleep
2400,3,0.075,3,1,1,204.5,204.5,0.0362285298731951,34.3065363602903,1,UsSz,patU-Sleep
2400,9,0.225,10,1,1.11111111111111,298,49.5,0.0678277069150663,83.8449761644607,1,UwK6,patU-Sleep
787,1,0.0762388818297332,1,1,1,0,0,0.0961777935029256,44.7683090152417,1,X7s0,patU-Sleep
984,6,0.365853658536585,6,1,1,89.2,87,0.0832171435963347,45.8372736012304,1,Y4FK,patU-Sleep
2400,0,0,0,0,0,0,0,0.013470912568786,6.55303140400557,1,YHLr,patU-Sleep
2400,88,2.2,177,2,2.01136363636364,17.4022988505747,6,0.245320220114771,395.350428175158,1,YOh8,patU-Sleep
1373,12,0.524399126001457,13,1,1.08333333333333,47.2727272727273,8,0.0606158906117544,39.5714053291304,1,ZYFG,patU-Sleep
2400,26,0.65,29,1,1.11538461538462,74.72,16,0.108345446353234,161.439107107504,1,Zpwh,patU-Sleep
858,0,0,0,0,0,0,0,0.0112904364879623,2.32161714369683,1,bkx9,patU-Sleep
2400,1,0.025,1,1,1,0,0,0.0325919464825388,31.2300441529296,1,cblr,patU-Sleep
2400,250,6.25,721,1,2.884,7.67871485943775,4,0.27149603611273,445.519178068213,1,d3ET,patU-Sleep
2400,39,0.975,43,1,1.1025641025641,62.4210526315789,29.5,0.0944003948068975,121.439175060879,1,ddTG,patU-Sleep
2400,236,5.9,599,1,2.53813559322034,8.63404255319149,3,0.268665370594128,436.7038685716,1,f8H5,patU-Sleep
2400,2,0.05,2,1,1,1420,1420,0.0334389700314583,29.1691485673454,1,fNe4,patU-Sleep
1359,8,0.353200883002208,8,1,1,108.571428571429,32,0.126948130832801,99.876169472811,1,fT68,patU-Sleep
2400,11,0.275,13,1,1.18181818181818,126.1,39,0.0782852854393058,92.989371720586,1,go56,patU-Sleep
1160,0,0,0,0,0,0,0,0.0099375226902819,2.31178788534684,1,hT38,patU-Sleep
1539,0,0,0,0,0,0,0,0.0392215856793158,22.9026541877212,1,iSqw,patU-Sleep
2400,1,0.025,1,1,1,0,0,0.0220593678420733,17.4063734482012,1,ipxV,patU-Sleep
2400,0,0,0,0,0,0,0,0.0114542290292471,6.0435868514758,1,muls,patU-Sleep
379,0,0,0,0,0,0,0,0.0108688665563071,1.3065833530292,1,oOMR,patU-Sleep
2400,108,2.7,170,1,1.57407407407407,19.1682242990654,6,0.201227350506773,321.754934345709,1,pPpj,patU-Sleep
2400,0,0,0,0,0,0,0,0.0198319365426953,13.7509028718123,1,puoa,patU-Sleep
1426,6,0.252454417952314,7,1,1.16666666666667,195.4,161,0.0774023702187594,58.592193559872,1,sNMf,patU-Sleep
165,3,1.09090909090909,5,2,1.66666666666667,72.5,72.5,0.172405638844426,17.8822145739162,1,svlu,patU-Sleep
2400,111,2.775,169,1,1.52252252252252,21.2818181818182,9.5,0.141040592413521,206.207853256279,1,uXdB,patU-Sleep
1053,4,0.227920227920228,6,1,1.5,89.3333333333333,54,0.157223061928632,111.93948226777,1,y5We,patU-Sleep
609,0,0,0,0,0,0,0,0.0103431468772813,1.32038405944753,1,zaca,patU-Sleep
2400,0,0,0,0,0,0,0,0.0126311747811761,6.74385843604257,0,0pai,mU-SSL
943,7,0.445387062566278,13,2,1.85714285714286,117.5,89,0.122185611379171,69.9355751596218,0,3P0D,mU-SSL
2400,46,1.15,124,1,2.69565217391304,48.6888888888889,14,0.148861619572942,211.571451777087,0,40kO,mU-SSL
2400,2,0.05,17,8.5,8.5,2200,2200,0.051261004045637,58.0440933066888,0,6JVj,mU-SSL
901,14,0.932297447280799,30,2,2.14285714285714,46,4,0.146303970308382,79.9118123170754,0,6iwd,mU-SSL
590,6,0.610169491525424,22,3,3.66666666666667,47.4,33,0.0804078369248166,26.3431495148956,0,BSvO,mU-SSL
2400,51,1.275,183,2,3.58823529411765,43.02,14,0.191826160592076,274.177963013566,0,DSfb,mU-SSL
2400,59,1.475,196,2,3.32203389830508,32.948275862069,21,0.20294302490491,300.426843687171,0,EyTS,mU-SSL
396,11,1.66666666666667,37,2,3.36363636363636,6,4,0.193750563440648,48.4434548867562,0,IhpU,mU-SSL
2400,3,0.075,16,5,5.33333333333333,105.5,105.5,0.023396848450049,23.9168424955492,0,Kn9O,mU-SSL
388,0,0,0,0,0,0,0,0.0213672847614424,2.63378319590039,0,N1nM,mU-SSL
1228,9,0.439739413680782,78,9,8.66666666666667,21.125,24.5,0.150561537916806,94.6895269896163,0,Otq3,mU-SSL
2400,4,0.1,6,1,1.5,690,406,0.064989926164124,81.9800494889359,0,R2f3,mU-SSL
435,1,0.137931034482759,1,1,1,0,0,0.0743734628211652,16.3909599861263,0,Xg1l,mU-SSL
2400,1,0.025,16,16,16,0,0,0.0203776298383286,21.5075321708792,0,Xii6,mU-SSL
1734,44,1.52249134948097,223,2,5.06818181818182,35.1860465116279,5,0.194319258962404,180.616342880598,0,csxQ,mU-SSL
2400,0,0,0,0,0,0,0,0.0163922609548493,14.8498758666054,0,hRMy,mU-SSL
2400,0,0,0,0,0,0,0,0.0137162920256869,10.2268403446544,0,hcml,mU-SSL
1323,35,1.58730158730159,691,10,19.7428571428571,14.9411764705882,9.5,0.500757559405645,248.428163279812,0,ibbz,mU-SSL
2400,112,2.8,997,2,8.90178571428571,12.7387387387387,5,0.435632285297493,559.343214729733,0,kj2l,mU-SSL
2400,0,0,0,0,0,0,0,0.0408968077534594,36.3100678896936,0,mBks,mU-SSL
2400,2,0.05,3,1.5,1.5,10,10,0.0100415452635279,9.60687976880514,0,mZje,mU-SSL
728,4,0.32967032967033,16,3.5,4,153,58,0.0405827160866251,15.1191690233161,0,tG6i,mU-SSL
2400,0,0,0,0,0,0,0,0.0424610992944502,43.8508927177748,1,0ncr,mU-SSL
2400,25,0.625,79,2,3.16,85.875,56,0.12339039701474,170.647232322103,1,3J4W,mU-SSL
449,4,0.534521158129176,24,7,6,28,26,0.107441221145594,27.7186972122621,1,5bSg,mU-SSL
2400,1,0.025,3,3,3,0,0,0.0915242413059609,117.418789754896,1,9098,mU-SSL
639,19,1.78403755868545,52,2,2.73684210526316,23.3888888888889,14,0.197548459808962,77.8538251563472,1,9JQY,mU-SSL
2400,6,0.15,20,2.5,3.33333333333333,290,256,0.05114427081502,66.9164285394849,1,AXbm,mU-SSL
2400,5,0.125,9,1,1.8,96.75,6,0.0903653186476092,114.838624725193,1,Af8a,mU-SSL
2400,5,0.125,13,1,2.6,274.5,68.5,0.0492659384954788,53.5004781125848,1,AsLD,mU-SSL
474,0,0,0,0,0,0,0,0.0546229640141971,12.4060123829566,1,C1Wu,mU-SSL
1863,60,1.93236714975845,210,2,3.5,20.6610169491525,11,0.254285206277551,289.272118596898,1,DYYI,mU-SSL
460,2,0.260869565217391,10,5,5,207,207,0.117940976781412,31.8093357831426,1,DjrT,mU-SSL
2161,5,0.1388246182323,19,1,3.8,509.75,221,0.109513135197391,130.95674213934,1,Dr51,mU-SSL
2400,76,1.9,259,2,3.40789473684211,27.3466666666667,10,0.247420146872108,378.700438891266,1,EHED,mU-SSL
1018,8,0.471512770137525,13,1,1.625,135,120,0.173157970509615,111.478349132236,1,EMcQ,mU-SSL
1510,13,0.516556291390728,35,2,2.69230769230769,109.916666666667,34,0.157871694634871,145.491324599602,1,G7PJ,mU-SSL
681,18,1.58590308370044,81,2.5,4.5,23.7058823529412,4,0.2364861999297,98.1137041909303,1,Ivfn,mU-SSL
612,15,1.47058823529412,78,2,5.2,16.4285714285714,8.5,0.221196864725308,81.6234375772818,1,JCpz,mU-SSL
2400,8,0.2,32,3,4,276.714285714286,161,0.101547968908141,133.249051230654,1,LR2s,mU-SSL
2400,0,0,0,0,0,0,0,0.0264826729641954,30.0974762506195,1,MS6u,mU-SSL
155,5,1.93548387096774,58,3,11.6,7.5,6.5,0.443601942988693,33.2513224018964,1,Msy4,mU-SSL
969,8,0.495356037151703,20,2,2.5,74,69,0.106201127029891,57.4177829383282,1,Nzhl,mU-SSL
1628,14,0.515970515970516,39,2,2.78571428571429,100.923076923077,6,0.10029063800868,88.6179934452645,1,QDsa,mU-SSL
2400,13,0.325,29,1,2.23076923076923,186.916666666667,41,0.0870771001547455,113.086022497448,1,RM1S,mU-SSL
14,1,4.28571428571429,2,2,2,0,0,0.292754967188625,2.6506819361518,1,RfL0,mU-SSL
2400,8,0.2,12,1,1.5,258.714285714286,87,0.0943267994750478,121.222929153199,1,SOZ3,mU-SSL
2400,0,0,0,0,0,0,0,0.0151719310622233,12.3780584836231,1,UsSz,mU-SSL
2400,0,0,0,0,0,0,0,0.0565093637955753,59.1388638951097,1,UwK6,mU-SSL
787,32,2.43964421855146,279,3,8.71875,11.8387096774194,4,0.395252748521221,170.765014578335,1,X7s0,mU-SSL
984,6,0.365853658536585,14,2,2.33333333333333,50.8,3,0.0888863059391799,44.9129668719231,1,Y4FK,mU-SSL
2400,0,0,0,0,0,0,0,0.0215875160687423,18.3689719252319,1,YHLr,mU-SSL
2400,1,0.025,2,2,2,0,0,0.0788090464151909,102.13772258581,1,YOh8,mU-SSL
1373,18,0.786598689002185,54,3,3,56.0588235294118,35,0.138321323787079,114.101257357977,1,ZYFG,mU-SSL
2400,102,2.55,317,2,3.1078431372549,20.2772277227723,15,0.295754571556245,463.597100848173,1,Zpwh,mU-SSL
858,7,0.489510489510489,26,1,3.71428571428571,24.3333333333333,17.5,0.0833916084778677,39.1883828926191,1,bkx9,mU-SSL
2400,8,0.2,13,1.5,1.625,300.714285714286,28,0.101399845423075,136.094666346035,1,cblr,mU-SSL
2400,49,1.225,167,2,3.40816326530612,45.7916666666667,16.5,0.200144450655333,292.234909233229,1,d3ET,mU-SSL
2400,39,0.975,136,2,3.48717948717949,55.6052631578947,8.5,0.13087346024637,184.669268391186,1,ddTG,mU-SSL
2400,164,4.1,644,2,3.92682926829268,11.4171779141104,5,0.385646340405431,584.397000671499,1,f8H5,mU-SSL
2400,6,0.15,11,1,1.83333333333333,258.2,165,0.127052935435696,177.014328137749,1,fNe4,mU-SSL
1359,70,3.09050772626932,230,2,3.28571428571429,17.2173913043478,3,0.310641169045669,269.69751162979,1,fT68,mU-SSL
2400,66,1.65,226,2,3.42424242424242,27.6153846153846,16,0.208785602188344,309.742300982625,1,go56,mU-SSL
1160,7,0.362068965517241,18,2,2.57142857142857,68.3333333333333,17,0.0487716749570495,31.404473487598,1,hT38,mU-SSL
1539,26,1.01364522417154,135,3,5.19230769230769,48.92,22,0.147056694647823,130.906250628439,1,iSqw,mU-SSL
2400,0,0,0,0,0,0,0,0.00350207069884865,1.38111515720699,1,ipxV,mU-SSL
2400,1,0.025,1,1,1,0,0,0.0142465918237831,12.3328481138615,1,muls,mU-SSL
379,6,0.949868073878628,26,4.5,4.33333333333333,48.2,15,0.190587522983603,45.5564666410027,1,oOMR,mU-SSL
2400,28,0.7,92,2,3.28571428571429,80.7777777777778,4,0.167391341986269,246.500401849242,1,pPpj,mU-SSL
2400,18,0.45,72,2,4,106.470588235294,61,0.107043661852293,140.064615686139,1,puoa,mU-SSL
1426,51,2.14586255259467,203,2,3.98039215686275,19.32,6,0.251228074655984,213.257188682822,1,sNMf,mU-SSL
165,5,1.81818181818182,28,6,5.6,7.75,8,0.23537867777314,24.6664892036794,1,svlu,mU-SSL
2400,153,3.825,908,2,5.93464052287582,10.6381578947368,4,0.411496516670599,544.949473857124,1,uXdB,mU-SSL
1053,18,1.02564102564103,61,2,3.38888888888889,48.3529411764706,22,0.21249561960761,144.803045140125,1,y5We,mU-SSL
609,3,0.295566502463054,15,6,5,65.5,65.5,0.0355723500518203,9.27665858008426,1,zaca,mU-SSL
2400,0,0,0,0,0,0,0,0.00717830135643453,2.17511564974947,0,0pai,FB-LSTM
943,24,1.5270413573701,157,7.5,6.54166666666667,34,28,0.201446350831301,79.7935815189743,0,3P0D,FB-LSTM
2400,2,0.05,3,1.5,1.5,500,500,0.00996239480739556,8.21143887009691,0,40kO,FB-LSTM
2400,0,0,0,0,0,0,0,0.00308511567722841,1.53320627188552,0,6JVj,FB-LSTM
901,1,0.0665926748057714,4,4,4,0,0,0.0275948242003236,10.9601774257612,0,6iwd,FB-LSTM
590,2,0.203389830508475,5,2.5,2.5,168,168,0.0200013692044827,5.63615214229832,0,BSvO,FB-LSTM
2400,3,0.075,5,2,1.66666666666667,829,829,0.0183585664290998,15.6134952501642,0,DSfb,FB-LSTM
2400,0,0,0,0,0,0,0,0.00377974632840051,1.85043345558155,0,EyTS,FB-LSTM
396,5,0.757575757575758,12,2,2.4,38,30,0.08880476909109,20.003313880303,0,IhpU,FB-LSTM
2400,0,0,0,0,0,0,0,0.00617919751262283,4.57004941670939,0,Kn9O,FB-LSTM
388,0,0,0,0,0,0,0,0.00170913638573166,0.0225796513900948,0,N1nM,FB-LSTM
1228,1,0.0488599348534202,3,3,3,0,0,0.0107585648167769,6.59236700093932,0,Otq3,FB-LSTM
2400,0,0,0,0,0,0,0,0.00781915996185489,4.36016981237193,0,R2f3,FB-LSTM
435,0,0,0,0,0,0,0,0.0165606513790701,2.43523128816479,0,Xg1l,FB-LSTM
2400,2,0.05,9,4.5,4.5,1316,1316,0.00867391821704587,8.48322779022062,0,Xii6,FB-LSTM
1734,10,0.346020761245675,34,3,3.4,22.5555555555556,18,0.0340799397646511,27.1458200267291,0,csxQ,FB-LSTM
2400,0,0,0,0,0,0,0,0.00150541600844614,0.441540219023826,0,hRMy,FB-LSTM
2400,0,0,0,0,0,0,0,0.0014591042987801,0.20390832343182,0,hcml,FB-LSTM
1323,0,0,0,0,0,0,0,0.0300471221013176,17.6747937638342,0,ibbz,FB-LSTM
2400,15,0.375,57,4,3.8,135.714285714286,94,0.0598545867218005,73.6941871179044,0,kj2l,FB-LSTM
2400,0,0,0,0,0,0,0,0.00162286211243554,0.206866621314207,0,mBks,FB-LSTM
2400,0,0,0,0,0,0,0,0.00327997560675916,1.14264628448285,0,mZje,FB-LSTM
728,1,0.0824175824175824,5,5,5,0,0,0.0179788377996514,6.33927096108938,0,tG6i,FB-LSTM
2400,0,0,0,0,0,0,0,0.00758564928411336,5.40295376841494,1,0ncr,FB-LSTM
2400,2,0.05,5,2.5,2.5,1353,1353,0.011859808655748,12.0207639125647,1,3J4W,FB-LSTM
449,0,0,0,0,0,0,0,0.0138364603087894,2.73344576512746,1,5bSg,FB-LSTM
2400,0,0,0,0,0,0,0,0.00586916695349525,2.88891432665286,1,9098,FB-LSTM
639,3,0.28169014084507,7,1,2.33333333333333,96,96,0.0311383770986282,9.62038249503366,1,9JQY,FB-LSTM
2400,0,0,0,0,0,0,0,0.0064444210229279,5.61753949722889,1,AXbm,FB-LSTM
2400,0,0,0,0,0,0,0,0.00535230266493575,2.0678667160797,1,Af8a,FB-LSTM
2400,0,0,0,0,0,0,0,0.00449865717332917,1.8102987558634,1,AsLD,FB-LSTM
474,0,0,0,0,0,0,0,0.00498583812008338,1.21541022017684,1,C1Wu,FB-LSTM
1863,5,0.161030595813205,17,3,3.4,143.75,60,0.0332830093528386,27.4641673550109,1,DYYI,FB-LSTM
460,0,0,0,0,0,0,0,0.0110644038501525,1.59987913632073,1,DjrT,FB-LSTM
2161,0,0,0,0,0,0,0,0.0172901542153922,10.8229486542948,1,Dr51,FB-LSTM
2400,1,0.025,2,2,2,0,0,0.0115180218573611,8.79036653389753,1,EHED,FB-LSTM
1018,0,0,0,0,0,0,0,0.00532481111502042,0.642503371295201,1,EMcQ,FB-LSTM
1510,0,0,0,0,0,0,0,0.0116272367470526,5.90970263943417,1,G7PJ,FB-LSTM
681,2,0.176211453744493,4,2,2,331,331,0.032656276981068,9.41837173615897,1,Ivfn,FB-LSTM
612,1,0.0980392156862745,3,3,3,0,0,0.0307860253475286,8.09259013057289,1,JCpz,FB-LSTM
2400,2,0.05,13,6.5,6.5,516,516,0.0120685765353483,10.9927818855443,1,LR2s,FB-LSTM
2400,4,0.1,4,1,1,433,119,0.0179291235387245,18.8510591267552,1,MS6u,FB-LSTM
155,1,0.387096774193548,2,2,2,0,0,0.049170067831273,3.73803735784147,1,Msy4,FB-LSTM
969,0,0,0,0,0,0,0,0.00993656190377141,2.34992931465893,1,Nzhl,FB-LSTM
1628,0,0,0,0,0,0,0,0.00476266190941717,2.06970916877296,1,QDsa,FB-LSTM
2400,0,0,0,0,0,0,0,0.00501569795237325,2.02082794188631,1,RM1S,FB-LSTM
14,1,4.28571428571429,5,5,5,0,0,0.373642750575008,1.97572135572064,1,RfL0,FB-LSTM
2400,0,0,0,0,0,0,0,0.0267179966304684,23.2117599050326,1,SOZ3,FB-LSTM
2400,0,0,0,0,0,0,0,0.00302204327559593,0.905460110950342,1,UsSz,FB-LSTM
2400,0,0,0,0,0,0,0,0.00301793010525216,0.64622918618101,1,UwK6,FB-LSTM
787,6,0.457433290978399,18,3,3,47.6,52,0.0818444255054863,34.1221376598674,1,X7s0,FB-LSTM
984,3,0.182926829268293,4,1,1.33333333333333,12,12,0.0104512715833692,5.80504287865958,1,Y4FK,FB-LSTM
2400,0,0,0,0,0,0,0,0.0075719834253808,3.11133720520715,1,YHLr,FB-LSTM
2400,0,0,0,0,0,0,0,0.00231672401509059,0.96542237371222,1,YOh8,FB-LSTM
1373,0,0,0,0,0,0,0,0.0282629662401218,14.6846957611608,1,ZYFG,FB-LSTM
2400,0,0,0,0,0,0,0,0.00279408998647947,1.92136877593468,1,Zpwh,FB-LSTM
858,1,0.0699300699300699,4,4,4,0,0,0.0105925631356589,4.06962973028951,1,bkx9,FB-LSTM
2400,3,0.075,9,3,3,825,825,0.0272355596409883,27.6395433343498,1,cblr,FB-LSTM
2400,1,0.025,5,5,5,0,0,0.0307640138627175,29.599135855629,1,d3ET,FB-LSTM
2400,1,0.025,1,1,1,0,0,0.0190487024274262,16.408816766642,1,ddTG,FB-LSTM
2400,26,0.65,84,2.5,3.23076923076923,88.08,36,0.0969144158102184,125.047494560708,1,f8H5,FB-LSTM
2400,2,0.05,8,4,4,576,576,0.0278961537054784,28.2098957631514,1,fNe4,FB-LSTM
1359,2,0.0883002207505519,9,4.5,4.5,27,27,0.0575304469227314,37.4679894915519,1,fT68,FB-LSTM
2400,1,0.025,1,1,1,0,0,0.00674824740119827,4.60115307181791,1,go56,FB-LSTM
1160,2,0.103448275862069,6,3,3,46,46,0.0121213430699472,6.35363089584197,1,hT38,FB-LSTM
1539,9,0.350877192982456,24,2,2.66666666666667,127,36,0.0513282115423034,42.9411072480851,1,iSqw,FB-LSTM
2400,0,0,0,0,0,0,0,0.00222938596471674,0.440191548196997,1,ipxV,FB-LSTM
2400,1,0.025,5,5,5,0,0,0.00595537350906549,4.67995365339791,1,muls,FB-LSTM
379,0,0,0,0,0,0,0,0.0405575378838187,6.68807877989979,1,oOMR,FB-LSTM
2400,0,0,0,0,0,0,0,0.0121202699601417,9.11607366889556,1,pPpj,FB-LSTM
2400,2,0.05,4,2,2,270,270,0.00808075526247194,7.3852903126665,1,puoa,FB-LSTM
1426,2,0.0841514726507714,2,1,1,3,3,0.0181056870360599,11.1484634133787,1,sNMf,FB-LSTM
165,0,0,0,0,0,0,0,0.0408965993376279,3.01838795651818,1,svlu,FB-LSTM
2400,10,0.25,34,3,3.4,155.888888888889,74,0.0439956307813918,50.915713948853,1,uXdB,FB-LSTM
1053,0,0,0,0,0,0,0,0.0486787883602419,25.551597435045,1,y5We,FB-LSTM
609,4,0.394088669950739,25,6.5,6.25,40.6666666666667,39,0.0430564305002225,12.0028507586255,1,zaca,FB-LSTM
2400,0,0,0,0,0,0,0,NaN,NaN,0,0pai,FB-RF
943,35,2.22693531283139,545,11,15.5714285714286,12.3823529411765,9.5,NaN,NaN,0,3P0D,FB-RF
2400,6,0.15,23,3,3.83333333333333,134,162,NaN,NaN,0,40kO,FB-RF
2400,3,0.075,11,3,3.66666666666667,246.5,246.5,NaN,NaN,0,6JVj,FB-RF
901,17,1.13207547169811,50,3,2.94117647058824,43.125,23,NaN,NaN,0,6iwd,FB-RF
590,1,0.101694915254237,1,1,1,0,0,NaN,NaN,0,BSvO,FB-RF
2400,15,0.375,42,2,2.8,137.785714285714,120.5,NaN,NaN,0,DSfb,FB-RF
2400,2,0.05,2,1,1,140,140,NaN,NaN,0,EyTS,FB-RF
396,22,3.33333333333333,94,2.5,4.27272727272727,13.8095238095238,6,NaN,NaN,0,IhpU,FB-RF
2400,1,0.025,5,5,5,0,0,NaN,NaN,0,Kn9O,FB-RF
388,0,0,0,0,0,0,0,NaN,NaN,0,N1nM,FB-RF
1228,3,0.146579804560261,22,9,7.33333333333333,20,20,NaN,NaN,0,Otq3,FB-RF
2400,0,0,0,0,0,0,0,NaN,NaN,0,R2f3,FB-RF
435,0,0,0,0,0,0,0,NaN,NaN,0,Xg1l,FB-RF
2400,6,0.15,18,3,3,279.6,24,NaN,NaN,0,Xii6,FB-RF
1734,10,0.346020761245675,50,3.5,5,179.333333333333,57,NaN,NaN,0,csxQ,FB-RF
2400,0,0,0,0,0,0,0,NaN,NaN,0,hRMy,FB-RF
2400,0,0,0,0,0,0,0,NaN,NaN,0,hcml,FB-RF
1323,61,2.76643990929705,587,6,9.62295081967213,10.1,7,NaN,NaN,0,ibbz,FB-RF
2400,42,1.05,205,3,4.88095238095238,50.609756097561,22,NaN,NaN,0,kj2l,FB-RF
2400,0,0,0,0,0,0,0,NaN,NaN,0,mBks,FB-RF
2400,0,0,0,0,0,0,0,NaN,NaN,0,mZje,FB-RF
728,0,0,0,0,0,0,0,NaN,NaN,0,tG6i,FB-RF
2400,0,0,0,0,0,0,0,NaN,NaN,1,0ncr,FB-RF
2400,11,0.275,88,7,8,220,157,NaN,NaN,1,3J4W,FB-RF
449,5,0.66815144766147,12,3,2.4,30.75,25.5,NaN,NaN,1,5bSg,FB-RF
2400,2,0.05,11,5.5,5.5,940,940,NaN,NaN,1,9098,FB-RF
639,6,0.563380281690141,25,3.5,4.16666666666667,48.6,28,NaN,NaN,1,9JQY,FB-RF
2400,6,0.15,45,9,7.5,144,114,NaN,NaN,1,AXbm,FB-RF
2400,0,0,0,0,0,0,0,NaN,NaN,1,Af8a,FB-RF
2400,0,0,0,0,0,0,0,NaN,NaN,1,AsLD,FB-RF
474,1,0.126582278481013,5,5,5,0,0,NaN,NaN,1,C1Wu,FB-RF
1863,10,0.322061191626409,94,8.5,9.4,100.888888888889,74,NaN,NaN,1,DYYI,FB-RF
460,4,0.521739130434783,26,6.5,6.5,106.333333333333,122,NaN,NaN,1,DjrT,FB-RF
2161,5,0.1388246182323,15,2,3,486.25,469.5,NaN,NaN,1,Dr51,FB-RF
2400,5,0.125,16,2,3.2,299,211,NaN,NaN,1,EHED,FB-RF
1018,0,0,0,0,0,0,0,NaN,NaN,1,EMcQ,FB-RF
1510,2,0.0794701986754967,9,4.5,4.5,444,444,NaN,NaN,1,G7PJ,FB-RF
681,31,2.73127753303965,171,3,5.51612903225806,17.2666666666667,12,NaN,NaN,1,Ivfn,FB-RF
612,10,0.980392156862745,72,5.5,7.2,25.5555555555556,5,NaN,NaN,1,JCpz,FB-RF
2400,9,0.225,51,6,5.66666666666667,240.125,204,NaN,NaN,1,LR2s,FB-RF
2400,3,0.075,7,3,2.33333333333333,361.5,361.5,NaN,NaN,1,MS6u,FB-RF
155,6,2.32258064516129,45,9.5,7.5,7.6,6,NaN,NaN,1,Msy4,FB-RF
969,0,0,0,0,0,0,0,NaN,NaN,1,Nzhl,FB-RF
1628,3,0.110565110565111,12,4,4,11,11,NaN,NaN,1,QDsa,FB-RF
2400,7,0.175,22,2,3.14285714285714,350.5,199,NaN,NaN,1,RM1S,FB-RF
14,1,4.28571428571429,9,9,9,0,0,NaN,NaN,1,RfL0,FB-RF
2400,10,0.25,43,2,4.3,244.444444444444,191,NaN,NaN,1,SOZ3,FB-RF
2400,0,0,0,0,0,0,0,NaN,NaN,1,UsSz,FB-RF
2400,0,0,0,0,0,0,0,NaN,NaN,1,UwK6,FB-RF
787,31,2.36340533672173,165,2,5.32258064516129,21.5,12.5,NaN,NaN,1,X7s0,FB-RF
984,2,0.121951219512195,18,9,9,9,9,NaN,NaN,1,Y4FK,FB-RF
2400,4,0.1,9,2.5,2.25,112.333333333333,45,NaN,NaN,1,YHLr,FB-RF
2400,0,0,0,0,0,0,0,NaN,NaN,1,YOh8,FB-RF
1373,38,1.66059723233795,194,5,5.10526315789474,31.1351351351351,20,NaN,NaN,1,ZYFG,FB-RF
2400,1,0.025,8,8,8,0,0,NaN,NaN,1,Zpwh,FB-RF
858,1,0.0699300699300699,8,8,8,0,0,NaN,NaN,1,bkx9,FB-RF
2400,37,0.925,231,4,6.24324324324324,58.9722222222222,26.5,NaN,NaN,1,cblr,FB-RF
2400,16,0.4,67,3,4.1875,115.933333333333,39,NaN,NaN,1,d3ET,FB-RF
2400,11,0.275,43,3,3.90909090909091,85.2,49.5,NaN,NaN,1,ddTG,FB-RF
2400,77,1.925,569,5,7.38961038961039,24.4078947368421,11.5,NaN,NaN,1,f8H5,FB-RF
2400,25,0.625,106,3,4.24,93.0416666666667,28.5,NaN,NaN,1,fNe4,FB-RF
1359,69,3.04635761589404,298,3,4.31884057971014,16.3676470588235,10,NaN,NaN,1,fT68,FB-RF
2400,1,0.025,5,5,5,0,0,NaN,NaN,1,go56,FB-RF
1160,4,0.206896551724138,23,5.5,5.75,20.3333333333333,18,NaN,NaN,1,hT38,FB-RF
1539,18,0.701754385964912,87,4,4.83333333333333,55.0588235294118,41,NaN,NaN,1,iSqw,FB-RF
2400,0,0,0,0,0,0,0,NaN,NaN,1,ipxV,FB-RF
2400,3,0.075,11,3,3.66666666666667,16,16,NaN,NaN,1,muls,FB-RF
379,12,1.89973614775726,59,3,4.91666666666667,16.0909090909091,4,NaN,NaN,1,oOMR,FB-RF
2400,6,0.15,24,3.5,4,327,146,NaN,NaN,1,pPpj,FB-RF
2400,5,0.125,19,3,3.8,257.5,35.5,NaN,NaN,1,puoa,FB-RF
1426,17,0.715287517531557,77,2,4.52941176470588,62.9375,47,NaN,NaN,1,sNMf,FB-RF
165,2,0.727272727272727,6,3,3,79,79,NaN,NaN,1,svlu,FB-RF
2400,46,1.15,231,4,5.02173913043478,48.2888888888889,31,NaN,NaN,1,uXdB,FB-RF
1053,44,2.50712250712251,247,4,5.61363636363636,15.7441860465116,12,NaN,NaN,1,y5We,FB-RF
609,6,0.591133004926108,39,5.5,6.5,65.4,58,NaN,NaN,1,zaca,FB-RF
2400,0,0,0,0,0,0,0,NaN,NaN,0,0pai,FB-SVM
943,25,1.59066808059385,274,9,10.96,28,25.5,NaN,NaN,0,3P0D,FB-SVM
2400,35,0.875,143,3,4.08571428571429,62.5,29.5,NaN,NaN,0,40kO,FB-SVM
2400,3,0.075,12,4,4,865.5,865.5,NaN,NaN,0,6JVj,FB-SVM
901,7,0.4661487236404,27,2,3.85714285714286,115.166666666667,30,NaN,NaN,0,6iwd,FB-SVM
590,1,0.101694915254237,1,1,1,0,0,NaN,NaN,0,BSvO,FB-SVM
2400,9,0.225,25,2,2.77777777777778,267.625,187.5,NaN,NaN,0,DSfb,FB-SVM
2400,2,0.05,2,1,1,2,2,NaN,NaN,0,EyTS,FB-SVM
396,26,3.93939393939394,159,4,6.11538461538461,9.56,6,NaN,NaN,0,IhpU,FB-SVM
2400,0,0,0,0,0,0,0,NaN,NaN,0,Kn9O,FB-SVM
388,0,0,0,0,0,0,0,NaN,NaN,0,N1nM,FB-SVM
1228,4,0.195439739413681,13,3,3.25,10.6666666666667,10,NaN,NaN,0,Otq3,FB-SVM
2400,0,0,0,0,0,0,0,NaN,NaN,0,R2f3,FB-SVM
435,1,0.137931034482759,15,15,15,0,0,NaN,NaN,0,Xg1l,FB-SVM
2400,3,0.075,13,1,4.33333333333333,700,700,NaN,NaN,0,Xii6,FB-SVM
1734,16,0.55363321799308,77,3,4.8125,62.5333333333333,21,NaN,NaN,0,csxQ,FB-SVM
2400,0,0,0,0,0,0,0,NaN,NaN,0,hRMy,FB-SVM
2400,0,0,0,0,0,0,0,NaN,NaN,0,hcml,FB-SVM
1323,68,3.08390022675737,444,4.5,6.52941176470588,13.9253731343284,10,NaN,NaN,0,ibbz,FB-SVM
2400,60,1.5,337,3.5,5.61666666666667,34.1694915254237,17,NaN,NaN,0,kj2l,FB-SVM
2400,0,0,0,0,0,0,0,NaN,NaN,0,mBks,FB-SVM
2400,5,0.125,27,5,5.4,326.25,82,NaN,NaN,0,mZje,FB-SVM
728,0,0,0,0,0,0,0,NaN,NaN,0,tG6i,FB-SVM
2400,3,0.075,7,2,2.33333333333333,617,617,NaN,NaN,1,0ncr,FB-SVM
2400,12,0.3,67,4.5,5.58333333333333,177.363636363636,172,NaN,NaN,1,3J4W,FB-SVM
449,6,0.801781737193764,23,2,3.83333333333333,19.4,29,NaN,NaN,1,5bSg,FB-SVM
2400,23,0.575,67,1,2.91304347826087,70.3181818181818,13,NaN,NaN,1,9098,FB-SVM
639,7,0.657276995305164,20,2,2.85714285714286,45.3333333333333,27,NaN,NaN,1,9JQY,FB-SVM
2400,5,0.125,21,5,4.2,130.5,119.5,NaN,NaN,1,AXbm,FB-SVM
2400,0,0,0,0,0,0,0,NaN,NaN,1,Af8a,FB-SVM
2400,0,0,0,0,0,0,0,NaN,NaN,1,AsLD,FB-SVM
474,0,0,0,0,0,0,0,NaN,NaN,1,C1Wu,FB-SVM
1863,11,0.35426731078905,78,5,7.09090909090909,92.5,74,NaN,NaN,1,DYYI,FB-SVM
460,7,0.91304347826087,48,8,6.85714285714286,50.1666666666667,17.5,NaN,NaN,1,DjrT,FB-SVM
2161,63,1.74919018972698,298,3,4.73015873015873,30.9032258064516,20,NaN,NaN,1,Dr51,FB-SVM
2400,4,0.1,9,1.5,2.25,123,108,NaN,NaN,1,EHED,FB-SVM
1018,0,0,0,0,0,0,0,NaN,NaN,1,EMcQ,FB-SVM
1510,0,0,0,0,0,0,0,NaN,NaN,1,G7PJ,FB-SVM
681,1,0.0881057268722467,1,1,1,0,0,NaN,NaN,1,Ivfn,FB-SVM
612,5,0.490196078431373,25,3,5,17.75,4.5,NaN,NaN,1,JCpz,FB-SVM
2400,9,0.225,43,4,4.77777777777778,270.625,181,NaN,NaN,1,LR2s,FB-SVM
2400,10,0.25,45,3.5,4.5,154.222222222222,76,NaN,NaN,1,MS6u,FB-SVM
155,5,1.93548387096774,25,2,5,15.5,11,NaN,NaN,1,Msy4,FB-SVM
969,1,0.0619195046439629,1,1,1,0,0,NaN,NaN,1,Nzhl,FB-SVM
1628,7,0.257985257985258,38,5,5.42857142857143,144,93,NaN,NaN,1,QDsa,FB-SVM
2400,4,0.1,7,1,1.75,65.3333333333333,2,NaN,NaN,1,RM1S,FB-SVM
14,1,4.28571428571429,8,8,8,0,0,NaN,NaN,1,RfL0,FB-SVM
2400,18,0.45,84,4.5,4.66666666666667,127.352941176471,77,NaN,NaN,1,SOZ3,FB-SVM
2400,0,0,0,0,0,0,0,NaN,NaN,1,UsSz,FB-SVM
2400,35,0.875,98,2,2.8,65.4411764705882,22.5,NaN,NaN,1,UwK6,FB-SVM
787,28,2.13468869123253,128,3.5,4.57142857142857,21.3703703703704,19,NaN,NaN,1,X7s0,FB-SVM
984,1,0.0609756097560976,12,12,12,0,0,NaN,NaN,1,Y4FK,FB-SVM
2400,7,0.175,10,1,1.42857142857143,323.166666666667,24.5,NaN,NaN,1,YHLr,FB-SVM
2400,0,0,0,0,0,0,0,NaN,NaN,1,YOh8,FB-SVM
1373,52,2.27239621267298,187,2,3.59615384615385,23.8627450980392,15,NaN,NaN,1,ZYFG,FB-SVM
2400,1,0.025,5,5,5,0,0,NaN,NaN,1,Zpwh,FB-SVM
858,1,0.0699300699300699,9,9,9,0,0,NaN,NaN,1,bkx9,FB-SVM
2400,75,1.875,392,3,5.22666666666667,26.4054054054054,11,NaN,NaN,1,cblr,FB-SVM
2400,1,0.025,5,5,5,0,0,NaN,NaN,1,d3ET,FB-SVM
2400,12,0.3,38,3,3.16666666666667,181.636363636364,157,NaN,NaN,1,ddTG,FB-SVM
2400,27,0.675,108,2,4,73.1538461538462,9.5,NaN,NaN,1,f8H5,FB-SVM
2400,37,0.925,166,3,4.48648648648649,62.5277777777778,20.5,NaN,NaN,1,fNe4,FB-SVM
1359,61,2.69315673289183,326,3,5.34426229508197,18.1666666666667,11.5,NaN,NaN,1,fT68,FB-SVM
2400,0,0,0,0,0,0,0,NaN,NaN,1,go56,FB-SVM
1160,5,0.258620689655172,13,3,2.6,17.5,16.5,NaN,NaN,1,hT38,FB-SVM
1539,37,1.44249512670565,186,4,5.02702702702703,32.6944444444444,9.5,NaN,NaN,1,iSqw,FB-SVM
2400,0,0,0,0,0,0,0,NaN,NaN,1,ipxV,FB-SVM
2400,1,0.025,6,6,6,0,0,NaN,NaN,1,muls,FB-SVM
379,11,1.74142480211082,33,1,3,20.1,11.5,NaN,NaN,1,oOMR,FB-SVM
2400,10,0.25,35,3,3.5,260,121,NaN,NaN,1,pPpj,FB-SVM
2400,7,0.175,22,2,3.14285714285714,274,174,NaN,NaN,1,puoa,FB-SVM
1426,14,0.5890603085554,87,6,6.21428571428571,99.8461538461538,28,NaN,NaN,1,sNMf,FB-SVM
165,0,0,0,0,0,0,0,NaN,NaN,1,svlu,FB-SVM
2400,65,1.625,329,4,5.06153846153846,32.75,15,NaN,NaN,1,uXdB,FB-SVM
1053,62,3.53276353276353,563,5.5,9.08064516129032,8.77049180327869,6,NaN,NaN,1,y5We,FB-SVM
609,4,0.394088669950739,27,6.5,6.75,78.6666666666667,99,NaN,NaN,1,zaca,FB-SVM
2400,0,0,0,0,0,0,0,3.91254733267401e-07,6.70360960750001e-06,0,0pai,CNN-16s
943,50,3.1813361611877,492,5,9.84,10.1020408163265,5,0.501217226836494,148.930541196584,0,3P0D,CNN-16s
2400,0,0,0,0,0,0,0,0.00203849315080839,2.47376415758661,0,40kO,CNN-16s
2400,7,0.175,31,2,4.42857142857143,366,36,0.0115248088943461,12.7099524242586,0,6JVj,CNN-16s
901,12,0.799112097669256,80,5,6.66666666666667,50.0909090909091,11,0.0864890134511829,34.3876645447014,0,6iwd,CNN-16s
590,7,0.711864406779661,31,4,4.42857142857143,26.1666666666667,12,0.0502814946007534,10.1765596950746,0,BSvO,CNN-16s
2400,5,0.125,37,5,7.4,165.75,133.5,0.0232097507941082,22.2918671119157,0,DSfb,CNN-16s
2400,1,0.025,1,1,1,0,0,0.00118016939576653,1.2500839373346,0,EyTS,CNN-16s
396,5,0.757575757575758,12,1,2.4,33.75,29.5,0.0443405201577231,7.78525473678234,0,IhpU,CNN-16s
2400,5,0.125,24,5,4.8,54.25,24,0.0103284702259872,8.71590338277982,0,Kn9O,CNN-16s
388,0,0,0,0,0,0,0,0.00489948922711081,1.14659069741733,0,N1nM,CNN-16s
1228,8,0.390879478827362,86,9.5,10.75,23.4285714285714,25,0.0662484486560524,21.9248043930885,0,Otq3,CNN-16s
2400,101,2.525,428,2,4.23762376237624,19.98,12.5,0.189319352150155,253.717253091132,0,R2f3,CNN-16s
435,4,0.551724137931034,10,1.5,2.5,17.3333333333333,4,0.0322198431480303,5.49255092755824,0,Xg1l,CNN-16s
2400,8,0.2,27,1.5,3.375,193.714285714286,22,0.0120682366607846,13.6567935728177,0,Xii6,CNN-16s
1734,53,1.83391003460208,316,4,5.9622641509434,17.7115384615385,8,0.190945073851882,110.554605513511,0,csxQ,CNN-16s
2400,0,0,0,0,0,0,0,0.00114752369858927,0.772627161454613,0,hRMy,CNN-16s
2400,2,0.05,2,1,1,1527,1527,0.00265741115576589,3.21420407149799,0,hcml,CNN-16s
1323,58,2.63038548752834,666,8,11.4827586206897,9.10526315789474,5,0.469077734081236,155.117329086987,0,ibbz,CNN-16s
2400,35,0.875,164,4,4.68571428571429,63.6176470588235,21,0.0754560182484602,86.4898780861019,0,kj2l,CNN-16s
2400,1,0.025,3,3,3,0,0,0.00369012871637479,4.34942469652893,0,mBks,CNN-16s
2400,0,0,0,0,0,0,0,0.000859905655270985,1.22616040202759,0,mZje,CNN-16s
728,4,0.32967032967033,10,2,2.5,150,32,0.0165395205593629,6.63747871445474,0,tG6i,CNN-16s
2400,1,0.025,4,4,4,0,0,0.00471373678163454,4.5778134543705,1,0ncr,CNN-16s
2400,18,0.45,49,1.5,2.72222222222222,132.294117647059,77,0.0231593164967222,26.9577796447488,1,3J4W,CNN-16s
449,2,0.267260579064588,15,7.5,7.5,31,31,0.0380594841939273,6.33607779106075,1,5bSg,CNN-16s
2400,4,0.1,7,1.5,1.75,3,2,0.00356522897705468,4.50778952235064,1,9098,CNN-16s
639,14,1.31455399061033,79,5,5.64285714285714,25.2307692307692,21,0.126917362912198,31.5126640880086,1,9JQY,CNN-16s
2400,7,0.175,30,2,4.28571428571429,180.666666666667,209.5,0.0148228878373605,18.5399490829734,1,AXbm,CNN-16s
2400,16,0.4,41,1.5,2.5625,130.866666666667,78,0.0326571142168013,42.9614953814178,1,Af8a,CNN-16s
2400,0,0,0,0,0,0,0,0.00087465969653152,0.938983858989871,1,AsLD,CNN-16s
474,1,0.126582278481013,4,4,4,0,0,0.0159889793925903,4.22863744513507,1,C1Wu,CNN-16s
1863,3,0.0966183574879227,16,5,5.33333333333333,285.5,285.5,0.00995919039638896,7.83090675478349,1,DYYI,CNN-16s
460,13,1.69565217391304,49,2,3.76923076923077,33.5833333333333,18,0.118873968978391,27.1537724150264,1,DjrT,CNN-16s
2161,2,0.0555298472929199,6,3,3,97,97,0.003115276565858,2.94916687007392,1,Dr51,CNN-16s
2400,122,3.05,673,3,5.51639344262295,14.2314049586777,9,0.291856510367539,352.188437135573,1,EHED,CNN-16s
1018,18,1.06090373280943,83,3,4.61111111111111,49.5294117647059,18,0.0954482683856612,55.9340711275959,1,EMcQ,CNN-16s
1510,61,2.42384105960265,328,2,5.37704918032787,18.35,9.5,0.21822531557315,134.120915784155,1,G7PJ,CNN-16s
681,13,1.14537444933921,49,2,3.76923076923077,32.9166666666667,14,0.0984915035144233,33.5888371805866,1,Ivfn,CNN-16s
612,5,0.490196078431373,16,1,3.2,17.5,4.5,0.0436966754516114,12.7299562164747,1,JCpz,CNN-16s
2400,11,0.275,58,4,5.27272727272727,223.5,118,0.0258268503524149,24.9589240597535,1,LR2s,CNN-16s
2400,0,0,0,0,0,0,0,0.00041319395384645,0.60515552075296,1,MS6u,CNN-16s
155,6,2.32258064516129,66,3,11,8.4,9,0.443152664701336,16.2979229269123,1,Msy4,CNN-16s
969,7,0.43343653250774,12,1,1.71428571428571,150,97,0.0369848774965556,20.413824372348,1,Nzhl,CNN-16s
1628,16,0.58968058968059,87,3,5.4375,85.7333333333333,18,0.0500951523495968,26.7689712644507,1,QDsa,CNN-16s
2400,30,0.75,115,2.5,3.83333333333333,73.7586206896552,39,0.0591124689047809,72.9134020165081,1,RM1S,CNN-16s
14,1,4.28571428571429,6,6,6,0,0,0.450944389526696,1.35067544895012,1,RfL0,CNN-16s
2400,9,0.225,41,2,4.55555555555556,223.5,119.5,0.0213770685833665,22.6121133516889,1,SOZ3,CNN-16s
2400,1,0.025,3,3,3,0,0,0.00212902567764309,2.94627004948565,1,UsSz,CNN-16s
2400,11,0.275,17,1,1.54545454545455,170.7,82.5,0.0172211299697649,22.5973588727188,1,UwK6,CNN-16s
787,10,0.762388818297332,28,1,2.8,48.4444444444444,24,0.0434909273958936,13.1837924920654,1,X7s0,CNN-16s
984,7,0.426829268292683,34,1,4.85714285714286,120.833333333333,72.5,0.0409446652511398,11.68740591744,1,Y4FK,CNN-16s
2400,2,0.05,3,1.5,1.5,369,369,0.00276010379391363,3.41002522490214,1,YHLr,CNN-16s
2400,13,0.325,27,1,2.07692307692308,188.416666666667,78,0.0246937918902672,34.6273999144934,1,YOh8,CNN-16s
1373,36,1.57319737800437,130,2.5,3.61111111111111,27.2571428571429,21,0.0964396567736665,58.8239442753592,1,ZYFG,CNN-16s
2400,13,0.325,63,3,4.84615384615385,180.166666666667,72,0.0266728282370502,24.4391687606132,1,Zpwh,CNN-16s
858,10,0.699300699300699,52,3.5,5.2,17.5555555555556,19,0.079189730518524,31.8983608920168,1,bkx9,CNN-16s
2400,8,0.2,27,2,3.375,278,166,0.022316437445475,26.8179610718468,1,cblr,CNN-16s
2400,0,0,0,0,0,0,0,0.000888076503050554,0.345880997005116,1,d3ET,CNN-16s
2400,14,0.35,69,5,4.92857142857143,162.153846153846,96,0.0347249106781938,36.6867752029845,1,ddTG,CNN-16s
2400,19,0.475,50,1,2.63157894736842,65.9444444444444,33.5,0.0312344091960166,44.178018816341,1,f8H5,CNN-16s
2400,39,0.975,147,2,3.76923076923077,53.0263157894737,17,0.0901768252003273,115.503185823968,1,fNe4,CNN-16s
1359,36,1.58940397350993,122,2,3.38888888888889,35.3142857142857,21,0.114316199065399,76.2355976345901,1,fT68,CNN-16s
2400,0,0,0,0,0,0,0,0.00152384084206542,1.32455105785822,1,go56,CNN-16s
1160,6,0.310344827586207,30,5,5,11,13,0.0267159022618818,10.3931438278742,1,hT38,CNN-16s
1539,9,0.350877192982456,41,1,4.55555555555556,161.625,44,0.0262258439433559,11.8017706488303,1,iSqw,CNN-16s
2400,0,0,0,0,0,0,0,6.60279100239878e-06,0.000441524816304876,1,ipxV,CNN-16s
2400,9,0.225,23,3,2.55555555555556,166.5,32,0.0156889147614608,19.6463084562613,1,muls,CNN-16s
379,2,0.316622691292876,4,2,2,96,96,0.0228373021627782,5.0046141490876,1,oOMR,CNN-16s
2400,36,0.9,164,2,4.55555555555556,48.3428571428571,18,0.0834776444091468,103.311924462647,1,pPpj,CNN-16s
2400,18,0.45,49,1.5,2.72222222222222,125.117647058824,91,0.0339751952717564,42.9067894640309,1,puoa,CNN-16s
1426,62,2.60869565217391,359,4,5.79032258064516,17.0983606557377,9,0.252242970853503,134.021032689443,1,sNMf,CNN-16s
165,6,2.18181818181818,49,10,8.16666666666667,15.2,10,0.25811939722552,20.5878408448643,1,svlu,CNN-16s
2400,63,1.575,261,2,4.14285714285714,33.1774193548387,16,0.124562952301885,131.27641164257,1,uXdB,CNN-16s
1053,3,0.170940170940171,26,6,8.66666666666667,140.5,140.5,0.0411702951676199,14.7278986498143,1,y5We,CNN-16s
609,6,0.591133004926108,27,5,4.5,47.6,38,0.0422686264964243,8.74724173378391,1,zaca,CNN-16s
2400,0,0,0,0,0,0,0,NaN,NaN,0,0pai,Human
943,16,1.01802757158006,82,4.5,5.125,33.8666666666667,26,NaN,NaN,0,3P0D,Human
2400,0,0,0,0,0,0,0,NaN,NaN,0,40kO,Human
2400,0,0,0,0,0,0,0,NaN,NaN,0,6JVj,Human
901,0,0,0,0,0,0,0,NaN,NaN,0,6iwd,Human
590,3,0.305084745762712,12,5,4,85.5,85.5,NaN,NaN,0,BSvO,Human
2400,0,0,0,0,0,0,0,NaN,NaN,0,DSfb,Human
2400,0,0,0,0,0,0,0,NaN,NaN,0,EyTS,Human
396,4,0.606060606060606,13,3,3.25,44.6666666666667,32,NaN,NaN,0,IhpU,Human
2400,3,0.075,11,4,3.66666666666667,267.5,267.5,NaN,NaN,0,Kn9O,Human
388,0,0,0,0,0,0,0,NaN,NaN,0,N1nM,Human
1228,3,0.146579804560261,5,2,1.66666666666667,40,40,NaN,NaN,0,Otq3,Human
2400,4,0.1,9,2.5,2.25,174.666666666667,84,NaN,NaN,0,R2f3,Human
435,1,0.137931034482759,4,4,4,0,0,NaN,NaN,0,Xg1l,Human
2400,0,0,0,0,0,0,0,NaN,NaN,0,Xii6,Human
1734,26,0.899653979238754,95,3,3.65384615384615,20.88,13,NaN,NaN,0,csxQ,Human
2400,0,0,0,0,0,0,0,NaN,NaN,0,hRMy,Human
2400,1,0.025,1,1,1,0,0,NaN,NaN,0,hcml,Human
1323,3,0.136054421768707,10,3,3.33333333333333,246,246,NaN,NaN,0,ibbz,Human
2400,8,0.2,40,3.5,5,244.285714285714,125,NaN,NaN,0,kj2l,Human
2400,0,0,0,0,0,0,0,NaN,NaN,0,mBks,Human
2400,0,0,0,0,0,0,0,NaN,NaN,0,mZje,Human
728,3,0.247252747252747,11,3,3.66666666666667,221.5,221.5,NaN,NaN,0,tG6i,Human
2400,0,0,0,0,0,0,0,NaN,NaN,1,0ncr,Human
2400,13,0.325,82,5,6.30769230769231,119.666666666667,108,NaN,NaN,1,3J4W,Human
449,0,0,0,0,0,0,0,NaN,NaN,1,5bSg,Human
2400,0,0,0,0,0,0,0,NaN,NaN,1,9098,Human
639,1,0.0938967136150235,2,2,2,0,0,NaN,NaN,1,9JQY,Human
2400,0,0,0,0,0,0,0,NaN,NaN,1,AXbm,Human
2400,0,0,0,0,0,0,0,NaN,NaN,1,Af8a,Human
2400,0,0,0,0,0,0,0,NaN,NaN,1,AsLD,Human
474,1,0.126582278481013,5,5,5,0,0,NaN,NaN,1,C1Wu,Human
1863,17,0.547504025764895,87,5,5.11764705882353,57.625,49.5,NaN,NaN,1,DYYI,Human
460,0,0,0,0,0,0,0,NaN,NaN,1,DjrT,Human
2161,2,0.0555298472929199,9,4.5,4.5,4,4,NaN,NaN,1,Dr51,Human
2400,2,0.05,5,2.5,2.5,990,990,NaN,NaN,1,EHED,Human
1018,0,0,0,0,0,0,0,NaN,NaN,1,EMcQ,Human
1510,3,0.119205298013245,11,4,3.66666666666667,39.5,39.5,NaN,NaN,1,G7PJ,Human
681,1,0.0881057268722467,2,2,2,0,0,NaN,NaN,1,Ivfn,Human
612,3,0.294117647058824,11,4,3.66666666666667,25.5,25.5,NaN,NaN,1,JCpz,Human
2400,10,0.25,47,5,4.7,220.666666666667,233,NaN,NaN,1,LR2s,Human
2400,2,0.05,6,3,3,25,25,NaN,NaN,1,MS6u,Human
155,2,0.774193548387097,3,1.5,1.5,29,29,NaN,NaN,1,Msy4,Human
969,3,0.185758513931889,8,3,2.66666666666667,69.5,69.5,NaN,NaN,1,Nzhl,Human
1628,0,0,0,0,0,0,0,NaN,NaN,1,QDsa,Human
2400,0,0,0,0,0,0,0,NaN,NaN,1,RM1S,Human
14,1,4.28571428571429,7,7,7,0,0,NaN,NaN,1,RfL0,Human
2400,8,0.2,30,3,3.75,261.285714285714,176,NaN,NaN,1,SOZ3,Human
2400,0,0,0,0,0,0,0,NaN,NaN,1,UsSz,Human
2400,0,0,0,0,0,0,0,NaN,NaN,1,UwK6,Human
787,14,1.06734434561626,48,3,3.42857142857143,17.5384615384615,14,NaN,NaN,1,X7s0,Human
984,3,0.182926829268293,11,4,3.66666666666667,10.5,10.5,NaN,NaN,1,Y4FK,Human
2400,0,0,0,0,0,0,0,NaN,NaN,1,YHLr,Human
2400,0,0,0,0,0,0,0,NaN,NaN,1,YOh8,Human
1373,19,0.830298616168973,84,4,4.42105263157895,41,26,NaN,NaN,1,ZYFG,Human
2400,1,0.025,8,8,8,0,0,NaN,NaN,1,Zpwh,Human
858,3,0.20979020979021,6,2,2,34.5,34.5,NaN,NaN,1,bkx9,Human
2400,0,0,0,0,0,0,0,NaN,NaN,1,cblr,Human
2400,4,0.1,14,3.5,3.5,460.666666666667,388,NaN,NaN,1,d3ET,Human
2400,1,0.025,1,1,1,0,0,NaN,NaN,1,ddTG,Human
2400,0,0,0,0,0,0,0,NaN,NaN,1,f8H5,Human
2400,0,0,0,0,0,0,0,NaN,NaN,1,fNe4,Human
1359,6,0.264900662251656,21,3,3.5,37.2,25,NaN,NaN,1,fT68,Human
2400,0,0,0,0,0,0,0,NaN,NaN,1,go56,Human
1160,5,0.258620689655172,22,4,4.4,15.25,13,NaN,NaN,1,hT38,Human
1539,19,0.740740740740741,47,2,2.47368421052632,47.6666666666667,27,NaN,NaN,1,iSqw,Human
2400,0,0,0,0,0,0,0,NaN,NaN,1,ipxV,Human
2400,0,0,0,0,0,0,0,NaN,NaN,1,muls,Human
379,0,0,0,0,0,0,0,NaN,NaN,1,oOMR,Human
2400,0,0,0,0,0,0,0,NaN,NaN,1,pPpj,Human
2400,2,0.05,8,4,4,267,267,NaN,NaN,1,puoa,Human
1426,1,0.0420757363253857,2,2,2,0,0,NaN,NaN,1,sNMf,Human
165,0,0,0,0,0,0,0,NaN,NaN,1,svlu,Human
2400,22,0.55,85,3.5,3.86363636363636,74.8095238095238,55,NaN,NaN,1,uXdB,Human
1053,1,0.056980056980057,4,4,4,0,0,NaN,NaN,1,y5We,Human
609,6,0.591133004926108,39,5.5,6.5,65.4,58,NaN,NaN,1,zaca,Human
