y,x_countMS,x_numMS,x_cumDurMS,x_medDurMS,x_meanDurMS,x_interDurMeanMS,x_interDurMedianMS,x_cumProbMS,x_probEntropyMS,id,train,model
2400,0,0,0,0,0,0,0,0.00779595793050248,1.56821749728222,0pai,0,mU-Sleep
943,9,0.572640509013786,72,8,8,38.625,24.5,0.108232975808302,128.618360102811,3P0D,0,mU-Sleep
2400,0,0,0,0,0,0,0,0.00918559576200399,2.25997904682723,40kO,0,mU-Sleep
2400,0,0,0,0,0,0,0,0.0132745467308268,6.22216708486702,6JVj,0,mU-Sleep
901,0,0,0,0,0,0,0,0.22866034992377,130.681480522339,6iwd,0,mU-Sleep
590,0,0,0,0,0,0,0,0.332896292426061,297.310610873316,BSvO,0,mU-Sleep
2400,0,0,0,0,0,0,0,0.00726111307614095,1.45072373289623,DSfb,0,mU-Sleep
2400,1,0.025,3,3,3,0,0,0.0457719569042092,39.9140491275236,EyTS,0,mU-Sleep
396,0,0,0,0,0,0,0,0.257112174670769,135.783149635442,IhpU,0,mU-Sleep
2400,1,0.025,3,3,3,0,0,0.0178195722707217,12.2537089143401,Kn9O,0,mU-Sleep
388,0,0,0,0,0,0,0,0.413249907619721,58.3182837246242,N1nM,0,mU-Sleep
1228,0,0,0,0,0,0,0,0.163007339116787,62.0114226234202,Otq3,0,mU-Sleep
2400,0,0,0,0,0,0,0,0.00721102298911622,1.33305357060302,R2f3,0,mU-Sleep
435,0,0,0,0,0,0,0,0.434849673358871,117.772540629781,Xg1l,0,mU-Sleep
2400,1,0.025,8,8,8,0,0,0.0108886217503944,5.62164275370135,Xii6,0,mU-Sleep
1736,6,0.207373271889401,32,5,5.33333333333333,47.8,49,0.101363974778651,139.07748123098,csxQ,0,mU-Sleep
2400,0,0,0,0,0,0,0,0.0113656731219089,5.00278511020922,hRMy,0,mU-Sleep
2400,0,0,0,0,0,0,0,0.00868143885401272,2.36687635795628,hcml,0,mU-Sleep
1323,1,0.0453514739229025,4,4,4,0,0,0.0409559713575679,46.9784218616194,ibbz,0,mU-Sleep
2400,5,0.125,30,5,6,249,137.5,0.050102427637806,53.4906963370885,kj2l,0,mU-Sleep
2400,0,0,0,0,0,0,0,0.00953120833388918,2.75237877169579,mBks,0,mU-Sleep
2400,0,0,0,0,0,0,0,0.012299294925906,5.63842831570813,mZje,0,mU-Sleep
728,0,0,0,0,0,0,0,0.143401309832019,164.711539424044,tG6i,0,mU-Sleep
2400,0,0,0,0,0,0,0,0.0104960839086561,3.00385766140051,0ncr,1,mU-Sleep
2400,1,0.025,12,12,12,0,0,0.0275796962417856,23.2281766662638,3J4W,1,mU-Sleep
464,1,0.129310344827586,3,3,3,0,0,0.458539057868327,238.094002631264,5bSg,1,mU-Sleep
2400,0,0,0,0,0,0,0,0.0146662259760584,7.06822279070712,9098,1,mU-Sleep
639,1,0.0938967136150235,3,3,3,0,0,0.293152975910198,274.094251867067,9JQY,1,mU-Sleep
2400,1,0.025,11,11,11,0,0,0.0135209915572583,8.49793047859655,AXbm,1,mU-Sleep
2400,0,0,0,0,0,0,0,0.0077090127877697,1.64812280064959,Af8a,1,mU-Sleep
2400,0,0,0,0,0,0,0,0.0102685008770883,3.04081252080159,AsLD,1,mU-Sleep
474,0,0,0,0,0,0,0,0.0940729403383594,69.41822854134,C1Wu,1,mU-Sleep
1863,0,0,0,0,0,0,0,0.0113678275677861,6.48867016117231,DYYI,1,mU-Sleep
460,0,0,0,0,0,0,0,0.174361288264537,80.6504364104121,DjrT,1,mU-Sleep
2161,0,0,0,0,0,0,0,0.0139563796739094,7.96365323802643,Dr51,1,mU-Sleep
2400,0,0,0,0,0,0,0,0.0108974480786128,3.6778934961434,EHED,1,mU-Sleep
1018,1,0.0589390962671906,5,5,5,0,0,0.186161152699345,47.4635167304984,EMcQ,1,mU-Sleep
1510,1,0.0397350993377483,4,4,4,0,0,0.262594425439359,224.189470946223,G7PJ,1,mU-Sleep
683,0,0,0,0,0,0,0,0.150954943396899,79.2361051899105,Ivfn,1,mU-Sleep
613,1,0.0978792822185971,4,4,4,0,0,0.280896293137259,76.2118959868972,JCpz,1,mU-Sleep
2400,0,0,0,0,0,0,0,0.0102487846036092,4.34929411265325,LR2s,1,mU-Sleep
2400,0,0,0,0,0,0,0,0.00836320182264899,2.36899992902251,MS6u,1,mU-Sleep
156,0,0,0,0,0,0,0,0.560373824681837,374.453298205289,Msy4,1,mU-Sleep
969,0,0,0,0,0,0,0,0.385709713873221,163.794051603463,Nzhl,1,mU-Sleep
1628,0,0,0,0,0,0,0,0.0454992724539867,41.7731617604678,QDsa,1,mU-Sleep
2400,0,0,0,0,0,0,0,0.00829926094253703,1.91969667574534,RM1S,1,mU-Sleep
14,1,4.28571428571429,4,4,4,0,0,0.671440919319151,89.9970021495582,RfL0,1,mU-Sleep
2400,0,0,0,0,0,0,0,0.0151217958511067,7.43046292009112,SOZ3,1,mU-Sleep
2400,0,0,0,0,0,0,0,0.00855397628086697,2.12277091908481,UsSz,1,mU-Sleep
2400,0,0,0,0,0,0,0,0.0111561970643136,4.0017167257999,UwK6,1,mU-Sleep
802,0,0,0,0,0,0,0,0.0934103621618124,123.842929200852,X7s0,1,mU-Sleep
984,2,0.121951219512195,10,5,5,8,8,0.0600020838124328,65.4964856308461,Y4FK,1,mU-Sleep
2400,0,0,0,0,0,0,0,0.00945929132882156,2.72182844376696,YHLr,1,mU-Sleep
2400,0,0,0,0,0,0,0,0.00723839255326311,1.33949627607528,YOh8,1,mU-Sleep
1373,7,0.305899490167516,29,3,4.14285714285714,88.1666666666667,85,0.179395418342756,237.669106660018,ZYFG,1,mU-Sleep
2400,5,0.125,22,3,4.4,16.75,11,0.0296206558544751,28.0175941332336,Zpwh,1,mU-Sleep
858,3,0.20979020979021,13,5,4.33333333333333,19.5,19.5,0.203712928330956,66.8570668640523,bkx9,1,mU-Sleep
2400,0,0,0,0,0,0,0,0.0171749538560107,11.0322873446098,cblr,1,mU-Sleep
2400,0,0,0,0,0,0,0,0.00847031746438006,2.58343256351271,d3ET,1,mU-Sleep
2400,0,0,0,0,0,0,0,0.00764365799477673,1.70423615606302,ddTG,1,mU-Sleep
2400,0,0,0,0,0,0,0,0.0128262543859213,5.8295480895632,f8H5,1,mU-Sleep
2400,0,0,0,0,0,0,0,0.00788615039821404,1.64640190482824,fNe4,1,mU-Sleep
1360,0,0,0,0,0,0,0,0.181693152743149,223.672251678854,fT68,1,mU-Sleep
2400,0,0,0,0,0,0,0,0.0087969124771674,2.32107764139929,go56,1,mU-Sleep
1178,3,0.152801358234295,9,3,3,48,48,0.234280312039336,206.215002937951,hT38,1,mU-Sleep
1539,0,0,0,0,0,0,0,0.0398420510553115,39.7779819796981,iSqw,1,mU-Sleep
2400,0,0,0,0,0,0,0,0.00691506076803004,1.31881973803523,ipxV,1,mU-Sleep
2400,0,0,0,0,0,0,0,0.0075547277488901,1.58133645933269,muls,1,mU-Sleep
379,0,0,0,0,0,0,0,0.288168272243504,255.227881853858,oOMR,1,mU-Sleep
2400,0,0,0,0,0,0,0,0.013076829527951,4.57474229052722,pPpj,1,mU-Sleep
2400,0,0,0,0,0,0,0,0.00989331236264358,2.87329171121825,puoa,1,mU-Sleep
1428,2,0.0840336134453781,9,4.5,4.5,5,5,0.234164832303601,236.0645029118,sNMf,1,mU-Sleep
165,2,0.727272727272727,8,4,4,20,20,0.535922293918571,116.633798862003,svlu,1,mU-Sleep
2400,1,0.025,3,3,3,0,0,0.025824860438297,21.4166753014951,uXdB,1,mU-Sleep
1053,0,0,0,0,0,0,0,0.280395715725608,212.558302756741,y5We,1,mU-Sleep
609,4,0.394088669950739,23,6,5.75,41.3333333333333,38,0.105965156135305,105.21864619739,zaca,1,mU-Sleep
2400,0,0,0,0,0,0,0,0.0634070741820285,73.0030705859146,0pai,0,patU-Sleep
943,0,0,0,0,0,0,0,0.143324462758163,211.138299000919,3P0D,0,patU-Sleep
2400,0,0,0,0,0,0,0,0.0231756806120519,19.7401276444687,40kO,0,patU-Sleep
2400,1,0.025,4,4,4,0,0,0.0908147179550027,123.303283855401,6JVj,0,patU-Sleep
901,0,0,0,0,0,0,0,0.182774575883003,158.696421955705,6iwd,0,patU-Sleep
590,4,0.406779661016949,13,3,3.25,12.3333333333333,9,0.445137450388596,555.16718419187,BSvO,0,patU-Sleep
2400,0,0,0,0,0,0,0,0.0159426660731726,9.11754543036042,DSfb,0,patU-Sleep
2400,24,0.6,120,5,5,16.1304347826087,8,0.298883081705939,497.703314265217,EyTS,0,patU-Sleep
396,0,0,0,0,0,0,0,0.140567510298983,148.237740731404,IhpU,0,patU-Sleep
2400,1,0.025,4,4,4,0,0,0.0544789279969622,66.2243119132823,Kn9O,0,patU-Sleep
388,0,0,0,0,0,0,0,0.241129887066419,114.300967109142,N1nM,0,patU-Sleep
1228,0,0,0,0,0,0,0,0.18595811581928,195.680282249431,Otq3,0,patU-Sleep
2400,1,0.025,3,3,3,0,0,0.0825456342342938,101.238923918294,R2f3,0,patU-Sleep
435,0,0,0,0,0,0,0,0.389887054654242,190.785098710512,Xg1l,0,patU-Sleep
2400,0,0,0,0,0,0,0,0.0243175503984155,22.1028138271077,Xii6,0,patU-Sleep
1736,0,0,0,0,0,0,0,0.0681822640856279,91.08472476114,csxQ,0,patU-Sleep
2400,0,0,0,0,0,0,0,0.0138643506482058,9.38105541667753,hRMy,0,patU-Sleep
2400,0,0,0,0,0,0,0,0.0174519191064567,12.2990150723666,hcml,0,patU-Sleep
1323,12,0.54421768707483,86,5.5,7.16666666666667,7,6,0.217703713136664,302.325122814057,ibbz,0,patU-Sleep
2400,28,0.7,150,4,5.35714285714286,57.962962962963,23,0.23773617313421,373.626852215746,kj2l,0,patU-Sleep
2400,2,0.05,7,3.5,3.5,8,8,0.076245218844554,89.8738864502075,mBks,0,patU-Sleep
2400,9,0.225,41,4,4.55555555555556,270,98.5,0.144512677385874,214.691517269716,mZje,0,patU-Sleep
728,0,0,0,0,0,0,0,0.148822351280928,227.416042659315,tG6i,0,patU-Sleep
2400,0,0,0,0,0,0,0,0.0683024307500986,84.2068852771539,0ncr,1,patU-Sleep
2400,0,0,0,0,0,0,0,0.0333036839836633,29.5893184815626,3J4W,1,patU-Sleep
464,0,0,0,0,0,0,0,0.177663934719816,261.151031030287,5bSg,1,patU-Sleep
2400,0,0,0,0,0,0,0,0.0324429214928236,27.450637261639,9098,1,patU-Sleep
639,0,0,0,0,0,0,0,0.22571651143237,350.475215029572,9JQY,1,patU-Sleep
2400,6,0.15,24,3.5,4,28.6,24,0.0939925375130187,132.010931497882,AXbm,1,patU-Sleep
2400,4,0.1,12,3,3,174.333333333333,106,0.100488398596728,138.215033782814,Af8a,1,patU-Sleep
2400,0,0,0,0,0,0,0,0.0173650992955513,11.8535722413908,AsLD,1,patU-Sleep
474,0,0,0,0,0,0,0,0.0354081805715785,27.3941057623346,C1Wu,1,patU-Sleep
1863,14,0.450885668276973,59,3,4.21428571428571,55.5384615384615,8,0.162530722362634,239.288763117199,DYYI,1,patU-Sleep
460,0,0,0,0,0,0,0,0.159204477869152,101.983347590312,DjrT,1,patU-Sleep
2161,0,0,0,0,0,0,0,0.0279368875520131,27.9095055310259,Dr51,1,patU-Sleep
2400,0,0,0,0,0,0,0,0.0987211405723271,127.192662221781,EHED,1,patU-Sleep
1018,0,0,0,0,0,0,0,0.159576903965892,107.138870957338,EMcQ,1,patU-Sleep
1510,7,0.278145695364238,24,3,3.42857142857143,146,44,0.295595184227818,445.240685124065,G7PJ,1,patU-Sleep
683,0,0,0,0,0,0,0,0.103003804949411,74.3706048692208,Ivfn,1,patU-Sleep
613,5,0.489396411092985,32,5,6.4,12.5,12.5,0.374355707692345,238.705422009613,JCpz,1,patU-Sleep
2400,0,0,0,0,0,0,0,0.0308228230735501,27.3382870403168,LR2s,1,patU-Sleep
2400,0,0,0,0,0,0,0,0.0889533101199295,109.555810735544,MS6u,1,patU-Sleep
156,0,0,0,0,0,0,0,0.535576033598112,595.197853082847,Msy4,1,patU-Sleep
969,0,0,0,0,0,0,0,0.358352153729283,390.398410075713,Nzhl,1,patU-Sleep
1628,0,0,0,0,0,0,0,0.0275040886086827,31.9756624215669,QDsa,1,patU-Sleep
2400,0,0,0,0,0,0,0,0.120344952398497,164.158528931042,RM1S,1,patU-Sleep
14,2,8.57142857142857,8,4,4,3,3,0.530375634821384,159.321731765861,RfL0,1,patU-Sleep
2400,0,0,0,0,0,0,0,0.0313857350612747,25.0941290413159,SOZ3,1,patU-Sleep
2400,0,0,0,0,0,0,0,0.0362285298731951,34.3065363602903,UsSz,1,patU-Sleep
2400,0,0,0,0,0,0,0,0.0678277069150663,83.8449761644607,UwK6,1,patU-Sleep
802,0,0,0,0,0,0,0,0.186843423488975,294.215380275579,X7s0,1,patU-Sleep
984,0,0,0,0,0,0,0,0.0848599733784968,114.557650483127,Y4FK,1,patU-Sleep
2400,0,0,0,0,0,0,0,0.013470912568786,6.55303140400557,YHLr,1,patU-Sleep
2400,23,0.575,88,4,3.82608695652174,16.4090909090909,9.5,0.245320220114771,395.350428175158,YOh8,1,patU-Sleep
1373,0,0,0,0,0,0,0,0.194951090867947,301.302269601634,ZYFG,1,patU-Sleep
2400,0,0,0,0,0,0,0,0.108345446353234,161.439107107504,Zpwh,1,patU-Sleep
858,0,0,0,0,0,0,0,0.158483809493672,86.9805323306199,bkx9,1,patU-Sleep
2400,0,0,0,0,0,0,0,0.0325919464825388,31.2300441529296,cblr,1,patU-Sleep
2400,66,1.65,382,4.5,5.78787878787879,30.3692307692308,13,0.27149603611273,445.519178068213,d3ET,1,patU-Sleep
2400,1,0.025,3,3,3,0,0,0.0944003948068975,121.439175060879,ddTG,1,patU-Sleep
2400,60,1.5,365,5,6.08333333333333,34.5423728813559,8,0.268665370594128,436.7038685716,f8H5,1,patU-Sleep
2400,0,0,0,0,0,0,0,0.0334389700314583,29.1691485673454,fNe4,1,patU-Sleep
1360,0,0,0,0,0,0,0,0.227705946226283,338.400946409751,fT68,1,patU-Sleep
2400,0,0,0,0,0,0,0,0.0782852854393058,92.989371720586,go56,1,patU-Sleep
1178,0,0,0,0,0,0,0,0.141843975506495,207.651969576629,hT38,1,patU-Sleep
1539,0,0,0,0,0,0,0,0.0383836826628685,34.2304674855241,iSqw,1,patU-Sleep
2400,0,0,0,0,0,0,0,0.0220593678420733,17.4063734482012,ipxV,1,patU-Sleep
2400,0,0,0,0,0,0,0,0.0114542290292471,6.0435868514758,muls,1,patU-Sleep
379,0,0,0,0,0,0,0,0.214335662480682,212.41923280819,oOMR,1,patU-Sleep
2400,15,0.375,57,3,3.8,120.642857142857,25.5,0.201227350506773,321.754934345709,pPpj,1,patU-Sleep
2400,0,0,0,0,0,0,0,0.0198319365426953,13.7509028718123,puoa,1,patU-Sleep
1428,0,0,0,0,0,0,0,0.230105944141723,305.920193135394,sNMf,1,patU-Sleep
165,0,0,0,0,0,0,0,0.402439651528434,186.243288036206,svlu,1,patU-Sleep
2400,10,0.25,43,4,4.3,228.444444444444,108,0.141040592413521,206.207853256279,uXdB,1,patU-Sleep
1053,1,0.056980056980057,3,3,3,0,0,0.198281296833778,252.903601457842,y5We,1,patU-Sleep
609,0,0,0,0,0,0,0,0.0218687307595155,20.9026416330731,zaca,1,patU-Sleep
2400,0,0,0,0,0,0,0,0.0155760300665408,10.0023401840049,0pai,0,mU-SSL
943,0,0,0,0,0,0,0,0.0741571721464266,95.4169900461074,3P0D,0,mU-SSL
2400,3,0.075,27,9,9,518,518,0.174670863268204,247.882058120493,40kO,0,mU-SSL
2400,2,0.05,9,4.5,4.5,5,5,0.0429644995671936,46.3118321688324,6JVj,0,mU-SSL
901,0,0,0,0,0,0,0,0.384127719976005,174.281808480352,6iwd,0,mU-SSL
590,0,0,0,0,0,0,0,0.449112902394194,273.691201402429,BSvO,0,mU-SSL
2400,5,0.125,28,5,5.6,104.75,36.5,0.140323282401494,192.020621735496,DSfb,0,mU-SSL
2400,1,0.025,3,3,3,0,0,0.194092857794959,300.69339888583,EyTS,0,mU-SSL
396,0,0,0,0,0,0,0,0.493286327746537,303.189886322098,IhpU,0,mU-SSL
2400,0,0,0,0,0,0,0,0.0264751044881775,26.1023199613164,Kn9O,0,mU-SSL
388,0,0,0,0,0,0,0,0.438670839945953,57.8494747570219,N1nM,0,mU-SSL
1228,3,0.146579804560261,15,6,5,50,50,0.293921717718877,128.762471487005,Otq3,0,mU-SSL
2400,0,0,0,0,0,0,0,0.0843424664125391,111.830020023818,R2f3,0,mU-SSL
435,0,0,0,0,0,0,0,0.47561077546271,127.896460775584,Xg1l,0,mU-SSL
2400,0,0,0,0,0,0,0,0.0189231673742635,18.7566293850678,Xii6,0,mU-SSL
1736,10,0.345622119815668,52,4.5,5.2,49.4444444444444,18,0.269772199997997,311.435501888284,csxQ,0,mU-SSL
2400,0,0,0,0,0,0,0,0.0101783151245475,8.04947925440356,hRMy,0,mU-SSL
2400,0,0,0,0,0,0,0,0.00655311696676987,3.07279186754678,hcml,0,mU-SSL
1323,28,1.26984126984127,219,8,7.82142857142857,34.3333333333333,26,0.516185646219327,507.17243852192,ibbz,0,mU-SSL
2400,35,0.875,228,5,6.51428571428571,58.3823529411765,26,0.404849072468568,544.875184214154,kj2l,0,mU-SSL
2400,0,0,0,0,0,0,0,0.0226821144887253,15.925025709694,mBks,0,mU-SSL
2400,0,0,0,0,0,0,0,0.00923085574326884,8.41841566377524,mZje,0,mU-SSL
728,0,0,0,0,0,0,0,0.105693065176323,127.611235088141,tG6i,0,mU-SSL
2400,0,0,0,0,0,0,0,0.0434476382686963,44.6553667350483,0ncr,1,mU-SSL
2400,1,0.025,8,8,8,0,0,0.134111633534576,188.419020168446,3J4W,1,mU-SSL
464,0,0,0,0,0,0,0,0.535052465891527,290.724013480828,5bSg,1,mU-SSL
2400,0,0,0,0,0,0,0,0.0850912109919375,106.899864111302,9098,1,mU-SSL
639,1,0.0938967136150235,4,4,4,0,0,0.442286533908892,464.165421613978,9JQY,1,mU-SSL
2400,0,0,0,0,0,0,0,0.0586178295558664,74.1822863048295,AXbm,1,mU-SSL
2400,0,0,0,0,0,0,0,0.0743615199991581,93.3234887103796,Af8a,1,mU-SSL
2400,0,0,0,0,0,0,0,0.0639475362380054,74.5672276730603,AsLD,1,mU-SSL
474,0,0,0,0,0,0,0,0.14336328348446,96.0638657596191,C1Wu,1,mU-SSL
1863,13,0.418679549114332,79,5,6.07692307692308,83.25,68,0.36208472863108,462.278811100846,DYYI,1,mU-SSL
460,0,0,0,0,0,0,0,0.292245393671594,142.407281022909,DjrT,1,mU-SSL
2161,0,0,0,0,0,0,0,0.0782591393671429,98.6988580735833,Dr51,1,mU-SSL
2400,3,0.075,20,6,6.66666666666667,251,251,0.192081291094035,280.747891516338,EHED,1,mU-SSL
1018,1,0.0589390962671906,7,7,7,0,0,0.306272789066884,162.12493601175,EMcQ,1,mU-SSL
1510,0,0,0,0,0,0,0,0.408337070719554,352.836115267863,G7PJ,1,mU-SSL
683,0,0,0,0,0,0,0,0.381122187501495,157.960058112344,Ivfn,1,mU-SSL
613,0,0,0,0,0,0,0,0.373299879770678,119.29395021501,JCpz,1,mU-SSL
2400,1,0.025,4,4,4,0,0,0.0949673405428458,128.792379353958,LR2s,1,mU-SSL
2400,0,0,0,0,0,0,0,0.0186071712214232,18.1310328383417,MS6u,1,mU-SSL
156,0,0,0,0,0,0,0,0.800922169515893,310.319123397013,Msy4,1,mU-SSL
969,0,0,0,0,0,0,0,0.426388859943377,187.404557224496,Nzhl,1,mU-SSL
1628,2,0.0737100737100737,8,4,4,497,497,0.158964440354183,191.852416846404,QDsa,1,mU-SSL
2400,0,0,0,0,0,0,0,0.0650617155790187,83.2597571262185,RM1S,1,mU-SSL
14,0,0,0,0,0,0,0,0.877844969970169,45.7594918591362,RfL0,1,mU-SSL
2400,0,0,0,0,0,0,0,0.21029258660611,330.215052497294,SOZ3,1,mU-SSL
2400,0,0,0,0,0,0,0,0.0126980401583047,10.9520582785109,UsSz,1,mU-SSL
2400,0,0,0,0,0,0,0,0.096302973189756,122.361113409494,UwK6,1,mU-SSL
802,9,0.673316708229426,62,4,6.88888888888889,25.125,13,0.545698157429308,586.986696735308,X7s0,1,mU-SSL
984,0,0,0,0,0,0,0,0.151896622742218,148.094519697961,Y4FK,1,mU-SSL
2400,0,0,0,0,0,0,0,0.0254298486109349,25.3840522862568,YHLr,1,mU-SSL
2400,0,0,0,0,0,0,0,0.115963384303499,167.705006290702,YOh8,1,mU-SSL
1373,0,0,0,0,0,0,0,0.316710194411976,367.830221687089,ZYFG,1,mU-SSL
2400,5,0.125,42,8,8.4,467.75,376,0.237577075441531,356.90561653918,Zpwh,1,mU-SSL
858,1,0.0699300699300699,10,10,10,0,0,0.253750751335801,107.969204299824,bkx9,1,mU-SSL
2400,0,0,0,0,0,0,0,0.128825600764103,185.657111586663,cblr,1,mU-SSL
2400,3,0.075,12,4,4,738,738,0.232771629772238,354.172943648157,d3ET,1,mU-SSL
2400,0,0,0,0,0,0,0,0.0781598098632868,105.27041197882,ddTG,1,mU-SSL
2400,18,0.45,83,4,4.61111111111111,87.8235294117647,32,0.406070662923752,624.175770317914,f8H5,1,mU-SSL
2400,0,0,0,0,0,0,0,0.0791432026551906,97.1551474151775,fNe4,1,mU-SSL
1360,0,0,0,0,0,0,0,0.405626292477736,451.67763497385,fT68,1,mU-SSL
2400,5,0.125,22,4,4.4,461.5,427.5,0.191900894288928,282.519831332227,go56,1,mU-SSL
1178,0,0,0,0,0,0,0,0.300803851517765,285.64691720715,hT38,1,mU-SSL
1539,8,0.311890838206628,31,3,3.875,177.142857142857,87,0.224153636805049,279.731070568483,iSqw,1,mU-SSL
2400,0,0,0,0,0,0,0,0.00571260103443542,2.54429864658727,ipxV,1,mU-SSL
2400,0,0,0,0,0,0,0,0.00791945976418277,5.10024190808281,muls,1,mU-SSL
379,0,0,0,0,0,0,0,0.601761582515122,223.28560201277,oOMR,1,mU-SSL
2400,0,0,0,0,0,0,0,0.093026133534753,120.039280450982,pPpj,1,mU-SSL
2400,1,0.025,8,8,8,0,0,0.0725575147569052,92.0947407857903,puoa,1,mU-SSL
1428,3,0.126050420168067,18,5,6,453,453,0.468956292701333,269.321443355877,sNMf,1,mU-SSL
165,2,0.727272727272727,6,3,3,16,16,0.62175272622913,148.492894101835,svlu,1,mU-SSL
2400,30,0.75,180,4,6,66.6206896551724,55,0.354594484644665,502.327650977955,uXdB,1,mU-SSL
1053,0,0,0,0,0,0,0,0.473337929301917,246.919479348924,y5We,1,mU-SSL
609,3,0.295566502463054,12,4,4,67,67,0.170367130298269,182.51131051322,zaca,1,mU-SSL
2400,0,0,0,0,0,0,0,0.00534083964928868,1.28571450224487,0pai,0,FB-LSTM
943,20,1.27253446447508,170,8,8.5,40.2631578947368,31,0.215165637045575,201.071072391794,3P0D,0,FB-LSTM
2400,0,0,0,0,0,0,0,0.00822111584974967,6.90299959836198,40kO,0,FB-LSTM
2400,0,0,0,0,0,0,0,0.0054015241345769,3.83284683289595,6JVj,0,FB-LSTM
901,1,0.0665926748057714,4,4,4,0,0,0.218351261050226,110.816613553375,6iwd,0,FB-LSTM
590,1,0.101694915254237,5,5,5,0,0,0.374880893816971,215.732466792579,BSvO,0,FB-LSTM
2400,1,0.025,3,3,3,0,0,0.0178030471214212,15.6588491662357,DSfb,0,FB-LSTM
2400,0,0,0,0,0,0,0,0.00401695167674916,2.87819862277421,EyTS,0,FB-LSTM
396,4,0.606060606060606,19,4.5,4.75,20.6666666666667,24,0.392683741649281,173.17387474894,IhpU,0,FB-LSTM
2400,0,0,0,0,0,0,0,0.00640148069235996,4.66094358781695,Kn9O,0,FB-LSTM
388,0,0,0,0,0,0,0,0.400198060825625,39.1163136510628,N1nM,0,FB-LSTM
1228,1,0.0488599348534202,5,5,5,0,0,0.19035417206447,69.4097396163537,Otq3,0,FB-LSTM
2400,1,0.025,3,3,3,0,0,0.00837010119152789,6.25739533726585,R2f3,0,FB-LSTM
435,0,0,0,0,0,0,0,0.442555446937331,97.9983620548889,Xg1l,0,FB-LSTM
2400,2,0.05,13,6.5,6.5,1316,1316,0.0119020241683756,11.902017028085,Xii6,0,FB-LSTM
1736,11,0.380184331797235,60,4,5.45454545454545,20.6,18,0.137473148045101,138.586415640648,csxQ,0,FB-LSTM
2400,0,0,0,0,0,0,0,0.00148203717151167,0.26154287084784,hRMy,0,FB-LSTM
2400,0,0,0,0,0,0,0,0.00196762140992481,0.409776378693291,hcml,0,FB-LSTM
1323,0,0,0,0,0,0,0,0.0672549122415755,74.5542013879784,ibbz,0,FB-LSTM
2400,20,0.5,125,5,6.25,98.8947368421053,43,0.0913665893125108,106.972318265484,kj2l,0,FB-LSTM
2400,0,0,0,0,0,0,0,0.00233847823699762,0.302224038470924,mBks,0,FB-LSTM
2400,0,0,0,0,0,0,0,0.00916298018675055,7.7968007452529,mZje,0,FB-LSTM
728,1,0.0824175824175824,4,4,4,0,0,0.114525301596162,106.306589707139,tG6i,0,FB-LSTM
2400,0,0,0,0,0,0,0,0.00870776469571259,5.67620034246531,0ncr,1,FB-LSTM
2400,3,0.075,11,3,3.66666666666667,235.5,235.5,0.0162626498102327,18.4926471562172,3J4W,1,FB-LSTM
464,0,0,0,0,0,0,0,0.482150145381884,134.894001086042,5bSg,1,FB-LSTM
2400,2,0.05,7,3.5,3.5,72,72,0.0128163690995522,12.2694566814071,9098,1,FB-LSTM
639,2,0.187793427230047,11,5.5,5.5,109,109,0.297806539508947,251.200167455625,9JQY,1,FB-LSTM
2400,2,0.05,14,7,7,487,487,0.0157866037187644,15.6085744287546,AXbm,1,FB-LSTM
2400,0,0,0,0,0,0,0,0.00817297741706473,4.87650150081582,Af8a,1,FB-LSTM
2400,0,0,0,0,0,0,0,0.0056878643773598,4.0799564589576,AsLD,1,FB-LSTM
474,0,0,0,0,0,0,0,0.0840664335325182,40.2765818387413,C1Wu,1,FB-LSTM
1863,0,0,0,0,0,0,0,0.0273013537118216,29.2162292534909,DYYI,1,FB-LSTM
460,1,0.130434782608696,4,4,4,0,0,0.186002079173664,76.8494100513536,DjrT,1,FB-LSTM
2161,1,0.02776492364646,3,3,3,0,0,0.0397534866520922,43.0465635615513,Dr51,1,FB-LSTM
2400,0,0,0,0,0,0,0,0.011874491998351,8.55193495493106,EHED,1,FB-LSTM
1018,0,0,0,0,0,0,0,0.165955043994399,32.2630650337376,EMcQ,1,FB-LSTM
1510,0,0,0,0,0,0,0,0.23139476255889,110.729499406427,G7PJ,1,FB-LSTM
683,0,0,0,0,0,0,0,0.179767674319099,63.3443820063549,Ivfn,1,FB-LSTM
613,1,0.0978792822185971,8,8,8,0,0,0.303097868317412,77.2398964378565,JCpz,1,FB-LSTM
2400,2,0.05,17,8.5,8.5,514,514,0.0142657247789157,11.5069194751409,LR2s,1,FB-LSTM
2400,0,0,0,0,0,0,0,0.0164802020560334,16.9434954864629,MS6u,1,FB-LSTM
156,1,0.384615384615385,4,4,4,0,0,0.688645599603934,227.35409177233,Msy4,1,FB-LSTM
969,0,0,0,0,0,0,0,0.400095528711039,144.95093667944,Nzhl,1,FB-LSTM
1628,0,0,0,0,0,0,0,0.0413984852527331,37.0483665133732,QDsa,1,FB-LSTM
2400,0,0,0,0,0,0,0,0.0142555328873156,11.0167907737648,RM1S,1,FB-LSTM
14,1,4.28571428571429,6,6,6,0,0,0.768079290873006,51.7564084911519,RfL0,1,FB-LSTM
2400,0,0,0,0,0,0,0,0.0325357450674589,32.2272510877688,SOZ3,1,FB-LSTM
2400,0,0,0,0,0,0,0,0.00787993996418663,7.03199739259621,UsSz,1,FB-LSTM
2400,0,0,0,0,0,0,0,0.00784152807300416,4.46366648308681,UwK6,1,FB-LSTM
802,6,0.448877805486284,37,5.5,6.16666666666667,44.4,43,0.172428569534677,217.624960375012,X7s0,1,FB-LSTM
984,1,0.0609756097560976,4,4,4,0,0,0.0879062980822406,58.7674971904418,Y4FK,1,FB-LSTM
2400,0,0,0,0,0,0,0,0.0101293063559266,6.44553361231549,YHLr,1,FB-LSTM
2400,0,0,0,0,0,0,0,0.00206900534589598,0.797631324564775,YOh8,1,FB-LSTM
1373,1,0.0436999271667881,4,4,4,0,0,0.125337484174852,151.562253027814,ZYFG,1,FB-LSTM
2400,1,0.025,3,3,3,0,0,0.00683582275610509,5.61124266576958,Zpwh,1,FB-LSTM
858,1,0.0699300699300699,3,3,3,0,0,0.196139626734744,34.385653482414,bkx9,1,FB-LSTM
2400,2,0.05,10,5,5,156,156,0.0386972783310133,45.7786178830935,cblr,1,FB-LSTM
2400,1,0.025,5,5,5,0,0,0.0189080860634203,14.9823204385574,d3ET,1,FB-LSTM
2400,0,0,0,0,0,0,0,0.0351217659776982,38.7321773721685,ddTG,1,FB-LSTM
2400,2,0.05,13,6.5,6.5,874,874,0.0689875869385044,86.23220524137,f8H5,1,FB-LSTM
2400,2,0.05,13,6.5,6.5,8,8,0.0468090807520154,55.7756306238555,fNe4,1,FB-LSTM
1360,6,0.264705882352941,24,3.5,4,179.8,44,0.247605992645598,206.043381225009,fT68,1,FB-LSTM
2400,0,0,0,0,0,0,0,0.00446498246384484,1.76739953525037,go56,1,FB-LSTM
1178,2,0.101867572156197,11,5.5,5.5,45,45,0.191436007100777,120.556727421154,hT38,1,FB-LSTM
1539,5,0.194931773879142,24,5,4.8,253,261.5,0.0762357905841115,96.8453677289308,iSqw,1,FB-LSTM
2400,0,0,0,0,0,0,0,0.00269762144939402,1.04372328556875,ipxV,1,FB-LSTM
2400,2,0.05,9,4.5,4.5,23,23,0.00679809894691061,5.56757351853136,muls,1,FB-LSTM
379,1,0.158311345646438,3,3,3,0,0,0.34737250582216,203.686279541361,oOMR,1,FB-LSTM
2400,2,0.05,7,3.5,3.5,2380,2380,0.0142558651042782,11.5465944441969,pPpj,1,FB-LSTM
2400,2,0.05,10,5,5,107,107,0.0105309636845565,8.42727405169081,puoa,1,FB-LSTM
1428,2,0.0840336134453781,10,5,5,11,11,0.274677804774001,189.663734114643,sNMf,1,FB-LSTM
165,0,0,0,0,0,0,0,0.497686474613445,77.8836197561159,svlu,1,FB-LSTM
2400,9,0.225,42,5,4.66666666666667,120.75,83,0.0646955812137518,77.9277968671423,uXdB,1,FB-LSTM
1053,7,0.398860398860399,32,4,4.57142857142857,80.1666666666667,68.5,0.384024301242533,141.777301821511,y5We,1,FB-LSTM
609,4,0.394088669950739,22,5.5,5.5,41.3333333333333,39,0.0745809001056417,73.3994083625087,zaca,1,FB-LSTM
2400,0,0,0,0,0,0,0,NaN,NaN,0pai,0,FB-RF
943,23,1.46341463414634,197,9,8.56521739130435,33.1363636363636,12.5,NaN,NaN,3P0D,0,FB-RF
2400,3,0.075,16,6,5.33333333333333,337,337,NaN,NaN,40kO,0,FB-RF
2400,0,0,0,0,0,0,0,NaN,NaN,6JVj,0,FB-RF
901,11,0.732519422863485,50,4,4.54545454545455,68.4,47.5,NaN,NaN,6iwd,0,FB-RF
590,0,0,0,0,0,0,0,NaN,NaN,BSvO,0,FB-RF
2400,6,0.15,24,4,4,387.2,471,NaN,NaN,DSfb,0,FB-RF
2400,0,0,0,0,0,0,0,NaN,NaN,EyTS,0,FB-RF
396,9,1.36363636363636,55,5,6.11111111111111,39.25,31.5,NaN,NaN,IhpU,0,FB-RF
2400,0,0,0,0,0,0,0,NaN,NaN,Kn9O,0,FB-RF
388,0,0,0,0,0,0,0,NaN,NaN,N1nM,0,FB-RF
1228,2,0.0977198697068404,19,9.5,9.5,13,13,NaN,NaN,Otq3,0,FB-RF
2400,0,0,0,0,0,0,0,NaN,NaN,R2f3,0,FB-RF
435,1,0.137931034482759,3,3,3,0,0,NaN,NaN,Xg1l,0,FB-RF
2400,3,0.075,16,5,5.33333333333333,655,655,NaN,NaN,Xii6,0,FB-RF
1736,7,0.241935483870968,49,7,7,57,47.5,NaN,NaN,csxQ,0,FB-RF
2400,0,0,0,0,0,0,0,NaN,NaN,hRMy,0,FB-RF
2400,0,0,0,0,0,0,0,NaN,NaN,hcml,0,FB-RF
1323,34,1.54195011337868,245,7,7.20588235294118,27.6969696969697,14,NaN,NaN,ibbz,0,FB-RF
2400,25,0.625,144,5,5.76,87.2083333333333,47,NaN,NaN,kj2l,0,FB-RF
2400,0,0,0,0,0,0,0,NaN,NaN,mBks,0,FB-RF
2400,1,0.025,6,6,6,0,0,NaN,NaN,mZje,0,FB-RF
728,1,0.0824175824175824,3,3,3,0,0,NaN,NaN,tG6i,0,FB-RF
2400,0,0,0,0,0,0,0,NaN,NaN,0ncr,1,FB-RF
2400,8,0.2,68,7.5,8.5,186.285714285714,168,NaN,NaN,3J4W,1,FB-RF
464,1,0.129310344827586,5,5,5,0,0,NaN,NaN,5bSg,1,FB-RF
2400,1,0.025,3,3,3,0,0,NaN,NaN,9098,1,FB-RF
639,4,0.375586854460094,17,4,4.25,81.6666666666667,29,NaN,NaN,9JQY,1,FB-RF
2400,6,0.15,36,4.5,6,145.6,119,NaN,NaN,AXbm,1,FB-RF
2400,0,0,0,0,0,0,0,NaN,NaN,Af8a,1,FB-RF
2400,0,0,0,0,0,0,0,NaN,NaN,AsLD,1,FB-RF
474,1,0.126582278481013,5,5,5,0,0,NaN,NaN,C1Wu,1,FB-RF
1863,10,0.322061191626409,72,6.5,7.2,89.8888888888889,67,NaN,NaN,DYYI,1,FB-RF
460,4,0.521739130434783,25,6.5,6.25,106.333333333333,121,NaN,NaN,DjrT,1,FB-RF
2161,1,0.02776492364646,9,9,9,0,0,NaN,NaN,Dr51,1,FB-RF
2400,3,0.075,11,4,3.66666666666667,414.5,414.5,NaN,NaN,EHED,1,FB-RF
1018,0,0,0,0,0,0,0,NaN,NaN,EMcQ,1,FB-RF
1510,2,0.0794701986754967,10,5,5,236,236,NaN,NaN,G7PJ,1,FB-RF
683,22,1.93265007320644,120,4,5.45454545454545,25.4761904761905,18,NaN,NaN,Ivfn,1,FB-RF
613,5,0.489396411092985,30,4,6,61.75,38.5,NaN,NaN,JCpz,1,FB-RF
2400,10,0.25,57,5.5,5.7,212.888888888889,168,NaN,NaN,LR2s,1,FB-RF
2400,2,0.05,8,4,4,275,275,NaN,NaN,MS6u,1,FB-RF
156,3,1.15384615384615,34,10,11.3333333333333,4,4,NaN,NaN,Msy4,1,FB-RF
969,0,0,0,0,0,0,0,NaN,NaN,Nzhl,1,FB-RF
1628,2,0.0737100737100737,11,5.5,5.5,2,2,NaN,NaN,QDsa,1,FB-RF
2400,0,0,0,0,0,0,0,NaN,NaN,RM1S,1,FB-RF
14,1,4.28571428571429,10,10,10,0,0,NaN,NaN,RfL0,1,FB-RF
2400,3,0.075,27,9,9,224,224,NaN,NaN,SOZ3,1,FB-RF
2400,0,0,0,0,0,0,0,NaN,NaN,UsSz,1,FB-RF
2400,0,0,0,0,0,0,0,NaN,NaN,UwK6,1,FB-RF
802,13,0.972568578553616,101,8,7.76923076923077,51.0833333333333,27.5,NaN,NaN,X7s0,1,FB-RF
984,2,0.121951219512195,17,8.5,8.5,10,10,NaN,NaN,Y4FK,1,FB-RF
2400,0,0,0,0,0,0,0,NaN,NaN,YHLr,1,FB-RF
2400,0,0,0,0,0,0,0,NaN,NaN,YOh8,1,FB-RF
1373,23,1.00509832483613,162,7,7.04347826086957,48.3636363636364,32.5,NaN,NaN,ZYFG,1,FB-RF
2400,1,0.025,8,8,8,0,0,NaN,NaN,Zpwh,1,FB-RF
858,1,0.0699300699300699,9,9,9,0,0,NaN,NaN,bkx9,1,FB-RF
2400,16,0.4,102,5.5,6.375,138.266666666667,92,NaN,NaN,cblr,1,FB-RF
2400,15,0.375,83,5,5.53333333333333,153.428571428571,41,NaN,NaN,d3ET,1,FB-RF
2400,6,0.15,33,6,5.5,169.8,156,NaN,NaN,ddTG,1,FB-RF
2400,39,0.975,279,7,7.15384615384615,55.4473684210526,47.5,NaN,NaN,f8H5,1,FB-RF
2400,11,0.275,78,7,7.09090909090909,208.7,105,NaN,NaN,fNe4,1,FB-RF
1360,24,1.05882352941176,147,5,6.125,52.9130434782609,46,NaN,NaN,fT68,1,FB-RF
2400,1,0.025,5,5,5,0,0,NaN,NaN,go56,1,FB-RF
1178,3,0.152801358234295,20,6,6.66666666666667,12.5,12.5,NaN,NaN,hT38,1,FB-RF
1539,13,0.50682261208577,69,5,5.30769230769231,97.25,64,NaN,NaN,iSqw,1,FB-RF
2400,0,0,0,0,0,0,0,NaN,NaN,ipxV,1,FB-RF
2400,1,0.025,5,5,5,0,0,NaN,NaN,muls,1,FB-RF
379,4,0.633245382585752,23,6,5.75,49.6666666666667,49,NaN,NaN,oOMR,1,FB-RF
2400,2,0.05,14,7,7,118,118,NaN,NaN,pPpj,1,FB-RF
2400,2,0.05,6,3,3,271,271,NaN,NaN,puoa,1,FB-RF
1428,7,0.294117647058824,49,6,7,153.166666666667,104,NaN,NaN,sNMf,1,FB-RF
165,1,0.363636363636364,6,6,6,0,0,NaN,NaN,svlu,1,FB-RF
2400,26,0.65,198,7,7.61538461538461,85.48,45,NaN,NaN,uXdB,1,FB-RF
1053,25,1.42450142450142,200,7,8,29.3333333333333,20.5,NaN,NaN,y5We,1,FB-RF
609,5,0.492610837438424,33,6,6.6,83,85,NaN,NaN,zaca,1,FB-RF
2400,0,0,0,0,0,0,0,NaN,NaN,0pai,0,FB-SVM
943,19,1.20890774125133,140,8,7.36842105263158,39.1666666666667,36,NaN,NaN,3P0D,0,FB-SVM
2400,12,0.3,69,4,5.75,124,73,NaN,NaN,40kO,0,FB-SVM
2400,2,0.05,7,3.5,3.5,280,280,NaN,NaN,6JVj,0,FB-SVM
901,3,0.199778024417314,15,4,5,274.5,274.5,NaN,NaN,6iwd,0,FB-SVM
590,0,0,0,0,0,0,0,NaN,NaN,BSvO,0,FB-SVM
2400,2,0.05,10,5,5,183,183,NaN,NaN,DSfb,0,FB-SVM
2400,0,0,0,0,0,0,0,NaN,NaN,EyTS,0,FB-SVM
396,13,1.96969696969697,89,6,6.84615384615385,24.5833333333333,18.5,NaN,NaN,IhpU,0,FB-SVM
2400,0,0,0,0,0,0,0,NaN,NaN,Kn9O,0,FB-SVM
388,1,0.154639175257732,3,3,3,0,0,NaN,NaN,N1nM,0,FB-SVM
1228,3,0.146579804560261,11,3,3.66666666666667,11,11,NaN,NaN,Otq3,0,FB-SVM
2400,0,0,0,0,0,0,0,NaN,NaN,R2f3,0,FB-SVM
435,1,0.137931034482759,4,4,4,0,0,NaN,NaN,Xg1l,0,FB-SVM
2400,1,0.025,9,9,9,0,0,NaN,NaN,Xii6,0,FB-SVM
1736,8,0.276497695852535,52,6,6.5,171.857142857143,63,NaN,NaN,csxQ,0,FB-SVM
2400,0,0,0,0,0,0,0,NaN,NaN,hRMy,0,FB-SVM
2400,0,0,0,0,0,0,0,NaN,NaN,hcml,0,FB-SVM
1323,30,1.36054421768707,225,7,7.5,29.9655172413793,24,NaN,NaN,ibbz,0,FB-SVM
2400,33,0.825,208,5,6.3030303030303,64.21875,34.5,NaN,NaN,kj2l,0,FB-SVM
2400,0,0,0,0,0,0,0,NaN,NaN,mBks,0,FB-SVM
2400,3,0.075,18,5,6,635.5,635.5,NaN,NaN,mZje,0,FB-SVM
728,0,0,0,0,0,0,0,NaN,NaN,tG6i,0,FB-SVM
2400,1,0.025,8,8,8,0,0,NaN,NaN,0ncr,1,FB-SVM
2400,7,0.175,49,6,7,159.333333333333,161.5,NaN,NaN,3J4W,1,FB-SVM
464,2,0.258620689655172,7,3.5,3.5,39,39,NaN,NaN,5bSg,1,FB-SVM
2400,8,0.2,43,4.5,5.375,220.142857142857,141,NaN,NaN,9098,1,FB-SVM
639,1,0.0938967136150235,8,8,8,0,0,NaN,NaN,9JQY,1,FB-SVM
2400,2,0.05,9,4.5,4.5,145,145,NaN,NaN,AXbm,1,FB-SVM
2400,0,0,0,0,0,0,0,NaN,NaN,Af8a,1,FB-SVM
2400,0,0,0,0,0,0,0,NaN,NaN,AsLD,1,FB-SVM
474,0,0,0,0,0,0,0,NaN,NaN,C1Wu,1,FB-SVM
1863,10,0.322061191626409,62,5,6.2,91,73,NaN,NaN,DYYI,1,FB-SVM
460,7,0.91304347826087,60,10,8.57142857142857,48.1666666666667,16.5,NaN,NaN,DjrT,1,FB-SVM
2161,26,0.721888014807959,197,8,7.57692307692308,78.24,69,NaN,NaN,Dr51,1,FB-SVM
2400,1,0.025,5,5,5,0,0,NaN,NaN,EHED,1,FB-SVM
1018,0,0,0,0,0,0,0,NaN,NaN,EMcQ,1,FB-SVM
1510,0,0,0,0,0,0,0,NaN,NaN,G7PJ,1,FB-SVM
683,0,0,0,0,0,0,0,NaN,NaN,Ivfn,1,FB-SVM
613,1,0.0978792822185971,8,8,8,0,0,NaN,NaN,JCpz,1,FB-SVM
2400,4,0.1,21,5.5,5.25,554.666666666667,518,NaN,NaN,LR2s,1,FB-SVM
2400,7,0.175,32,4,4.57142857142857,158.333333333333,71.5,NaN,NaN,MS6u,1,FB-SVM
156,2,0.769230769230769,15,7.5,7.5,25,25,NaN,NaN,Msy4,1,FB-SVM
969,0,0,0,0,0,0,0,NaN,NaN,Nzhl,1,FB-SVM
1628,3,0.110565110565111,20,6,6.66666666666667,349.5,349.5,NaN,NaN,QDsa,1,FB-SVM
2400,0,0,0,0,0,0,0,NaN,NaN,RM1S,1,FB-SVM
14,1,4.28571428571429,10,10,10,0,0,NaN,NaN,RfL0,1,FB-SVM
2400,5,0.125,41,8,8.2,420.5,419.5,NaN,NaN,SOZ3,1,FB-SVM
2400,1,0.025,6,6,6,0,0,NaN,NaN,UsSz,1,FB-SVM
2400,7,0.175,36,5,5.14285714285714,313.666666666667,224,NaN,NaN,UwK6,1,FB-SVM
802,13,0.972568578553616,91,6,7,53.1666666666667,48.5,NaN,NaN,X7s0,1,FB-SVM
984,2,0.121951219512195,14,7,7,3,3,NaN,NaN,Y4FK,1,FB-SVM
2400,1,0.025,8,8,8,0,0,NaN,NaN,YHLr,1,FB-SVM
2400,0,0,0,0,0,0,0,NaN,NaN,YOh8,1,FB-SVM
1373,22,0.961398397669337,132,5,6,53.0952380952381,39,NaN,NaN,ZYFG,1,FB-SVM
2400,1,0.025,5,5,5,0,0,NaN,NaN,Zpwh,1,FB-SVM
858,1,0.0699300699300699,8,8,8,0,0,NaN,NaN,bkx9,1,FB-SVM
2400,35,0.875,260,7,7.42857142857143,58.6764705882353,36.5,NaN,NaN,cblr,1,FB-SVM
2400,1,0.025,5,5,5,0,0,NaN,NaN,d3ET,1,FB-SVM
2400,5,0.125,33,7,6.6,338.25,190,NaN,NaN,ddTG,1,FB-SVM
2400,5,0.125,31,6,6.2,158.5,94.5,NaN,NaN,f8H5,1,FB-SVM
2400,25,0.625,139,5,5.56,93.5833333333333,66,NaN,NaN,fNe4,1,FB-SVM
1360,28,1.23529411764706,173,6,6.17857142857143,42,25,NaN,NaN,fT68,1,FB-SVM
2400,0,0,0,0,0,0,0,NaN,NaN,go56,1,FB-SVM
1178,2,0.101867572156197,6,3,3,21,21,NaN,NaN,hT38,1,FB-SVM
1539,20,0.779727095516569,131,6,6.55,63.8421052631579,40,NaN,NaN,iSqw,1,FB-SVM
2400,0,0,0,0,0,0,0,NaN,NaN,ipxV,1,FB-SVM
2400,1,0.025,6,6,6,0,0,NaN,NaN,muls,1,FB-SVM
379,3,0.474934036939314,24,10,8,99,99,NaN,NaN,oOMR,1,FB-SVM
2400,5,0.125,24,3,4.8,558,600,NaN,NaN,pPpj,1,FB-SVM
2400,3,0.075,12,4,4,826.5,826.5,NaN,NaN,puoa,1,FB-SVM
1428,8,0.336134453781513,52,6.5,6.5,131.142857142857,117,NaN,NaN,sNMf,1,FB-SVM
165,0,0,0,0,0,0,0,NaN,NaN,svlu,1,FB-SVM
2400,39,0.975,246,7,6.30769230769231,52.7631578947368,37,NaN,NaN,uXdB,1,FB-SVM
1053,33,1.88034188034188,273,9,8.27272727272727,24.875,11,NaN,NaN,y5We,1,FB-SVM
609,3,0.295566502463054,22,8,7.33333333333333,105.5,105.5,NaN,NaN,zaca,1,FB-SVM
2400,0,0,0,0,0,0,0,6.54104550707391e-05,0.00135130502729022,0pai,0,CNN-16s
943,1,0.063626723223754,5,5,5,0,0,0.0177745077938334,25.5421756910489,3P0D,0,CNN-16s
2400,0,0,0,0,0,0,0,0.000291269808074108,0.00839699100407957,40kO,0,CNN-16s
2400,0,0,0,0,0,0,0,0.000252073895196267,0.0220554543194527,6JVj,0,CNN-16s
901,0,0,0,0,0,0,0,0.208880181978714,77.3147431215961,6iwd,0,CNN-16s
590,3,0.305084745762712,14,5,4.66666666666667,13.5,13.5,0.280263592396589,276.256440846027,BSvO,0,CNN-16s
2400,0,0,0,0,0,0,0,0.000353099023458003,0.00816777944850315,DSfb,0,CNN-16s
2400,0,0,0,0,0,0,0,0.00243870283999708,0.945795640188554,EyTS,0,CNN-16s
396,0,0,0,0,0,0,0,0.249131049268946,88.9766973917216,IhpU,0,CNN-16s
2400,0,0,0,0,0,0,0,0.000671203835057215,0.372357099194054,Kn9O,0,CNN-16s
388,0,0,0,0,0,0,0,0.312136765678927,50.7242993236759,N1nM,0,CNN-16s
1228,0,0,0,0,0,0,0,0.154856962340872,45.1096232627227,Otq3,0,CNN-16s
2400,0,0,0,0,0,0,0,0.000331163907897939,0.00875655865800752,R2f3,0,CNN-16s
435,0,0,0,0,0,0,0,0.303973939638432,103.37648654196,Xg1l,0,CNN-16s
2400,0,0,0,0,0,0,0,0.00024535814367012,0.102428995395495,Xii6,0,CNN-16s
1736,0,0,0,0,0,0,0,0.0402887744613727,51.8630421338078,csxQ,0,CNN-16s
2400,0,0,0,0,0,0,0,0.000428733032027211,0.0238344474402589,hRMy,0,CNN-16s
2400,0,0,0,0,0,0,0,0.000606631201129323,0.0520369891826058,hcml,0,CNN-16s
1323,0,0,0,0,0,0,0,0.0173585320832754,19.5524465149145,ibbz,0,CNN-16s
2400,1,0.025,3,3,3,0,0,0.0177633809245084,23.7403017166081,kj2l,0,CNN-16s
2400,0,0,0,0,0,0,0,0.000594345940453106,0.0348721496146594,mBks,0,CNN-16s
2400,0,0,0,0,0,0,0,0.000263995464249612,0.00950010007714477,mZje,0,CNN-16s
728,1,0.0824175824175824,4,4,4,0,0,0.0863700872014603,86.3101542630161,tG6i,0,CNN-16s
2400,0,0,0,0,0,0,0,0.000432921872965001,0.0177311350355917,0ncr,1,CNN-16s
2400,0,0,0,0,0,0,0,0.00313791236223638,3.89425163467745,3J4W,1,CNN-16s
464,0,0,0,0,0,0,0,0.272577013384709,255.209009153814,5bSg,1,CNN-16s
2400,0,0,0,0,0,0,0,0.000232706911999535,0.00550821591122865,9098,1,CNN-16s
639,0,0,0,0,0,0,0,0.127603955326261,129.631479675134,9JQY,1,CNN-16s
2400,0,0,0,0,0,0,0,0.00158159547162243,1.6986464268468,AXbm,1,CNN-16s
2400,0,0,0,0,0,0,0,0.000415367263043486,0.0184493669567098,Af8a,1,CNN-16s
2400,0,0,0,0,0,0,0,0.00040652302668816,0.023339757803728,AsLD,1,CNN-16s
474,0,0,0,0,0,0,0,0.0503874724088486,34.475818202794,C1Wu,1,CNN-16s
1863,0,0,0,0,0,0,0,0.00357390210390551,4.41111411568385,DYYI,1,CNN-16s
460,0,0,0,0,0,0,0,0.0405549756697833,17.4815557144279,DjrT,1,CNN-16s
2161,0,0,0,0,0,0,0,0.00850256593826502,9.25827666125971,Dr51,1,CNN-16s
2400,0,0,0,0,0,0,0,0.000105256237644021,0.00138568146271405,EHED,1,CNN-16s
1018,0,0,0,0,0,0,0,0.0936780037710718,41.6223057198547,EMcQ,1,CNN-16s
1510,0,0,0,0,0,0,0,0.139555789246066,106.472343926407,G7PJ,1,CNN-16s
683,0,0,0,0,0,0,0,0.0608496486158199,35.9623490720144,Ivfn,1,CNN-16s
613,0,0,0,0,0,0,0,0.130638114096972,55.632804155887,JCpz,1,CNN-16s
2400,0,0,0,0,0,0,0,0.000938315107186399,0.750306603696566,LR2s,1,CNN-16s
2400,0,0,0,0,0,0,0,8.17226938852852e-05,0.00295867065879536,MS6u,1,CNN-16s
156,0,0,0,0,0,0,0,0.347140852180018,305.637329802649,Msy4,1,CNN-16s
969,0,0,0,0,0,0,0,0.293209157478963,169.942381498688,Nzhl,1,CNN-16s
1628,0,0,0,0,0,0,0,0.00165447485855115,1.50561426703132,QDsa,1,CNN-16s
2400,0,0,0,0,0,0,0,0.000479514150469839,0.0266857294642874,RM1S,1,CNN-16s
14,1,4.28571428571429,4,4,4,0,0,0.761790219919672,33.1453551178545,RfL0,1,CNN-16s
2400,0,0,0,0,0,0,0,0.000515915689354516,0.0289971801587943,SOZ3,1,CNN-16s
2400,0,0,0,0,0,0,0,0.000268681791009203,0.00606807031971388,UsSz,1,CNN-16s
2400,0,0,0,0,0,0,0,0.000494152961661274,0.0685918776522506,UwK6,1,CNN-16s
802,0,0,0,0,0,0,0,0.0616192353488136,68.6088118969666,X7s0,1,CNN-16s
984,0,0,0,0,0,0,0,0.0436602766185133,42.3011167481079,Y4FK,1,CNN-16s
2400,0,0,0,0,0,0,0,0.000233848963193726,0.0309147062101217,YHLr,1,CNN-16s
2400,0,0,0,0,0,0,0,0.000398320309622105,0.0232579020954353,YOh8,1,CNN-16s
1373,1,0.0436999271667881,4,4,4,0,0,0.0536260413497346,67.5711286897765,ZYFG,1,CNN-16s
2400,1,0.025,3,3,3,0,0,0.00198636276484875,2.16985017972729,Zpwh,1,CNN-16s
858,1,0.0699300699300699,6,6,6,0,0,0.159918140864268,41.8244481184333,bkx9,1,CNN-16s
2400,0,0,0,0,0,0,0,0.000595154025362899,0.142913795758764,cblr,1,CNN-16s
2400,0,0,0,0,0,0,0,0.000207667166550639,0.00636070864182368,d3ET,1,CNN-16s
2400,0,0,0,0,0,0,0,0.000404846236756271,0.0333737305146305,ddTG,1,CNN-16s
2400,0,0,0,0,0,0,0,0.000847963214165349,0.341199347299856,f8H5,1,CNN-16s
2400,0,0,0,0,0,0,0,0.00051843865174112,0.326691653912759,fNe4,1,CNN-16s
1360,0,0,0,0,0,0,0,0.0999355004430043,110.755363575952,fT68,1,CNN-16s
2400,0,0,0,0,0,0,0,0.000464757031320636,0.0183630682377399,go56,1,CNN-16s
1178,1,0.0509337860780985,3,3,3,0,0,0.0982448396913876,108.030487579831,hT38,1,CNN-16s
1539,0,0,0,0,0,0,0,0.0222897880301029,30.5429241884232,iSqw,1,CNN-16s
2400,0,0,0,0,0,0,0,8.24178446192165e-05,0.00175230457822674,ipxV,1,CNN-16s
2400,0,0,0,0,0,0,0,0.00032045974904079,0.0070805775047621,muls,1,CNN-16s
379,0,0,0,0,0,0,0,0.12589831865729,126.326448996277,oOMR,1,CNN-16s
2400,0,0,0,0,0,0,0,0.00171832550983717,0.380878052189386,pPpj,1,CNN-16s
2400,0,0,0,0,0,0,0,0.00135187259747858,1.32270648984642,puoa,1,CNN-16s
1428,0,0,0,0,0,0,0,0.0860535767484162,104.307236439134,sNMf,1,CNN-16s
165,0,0,0,0,0,0,0,0.25818261132299,84.6909714408694,svlu,1,CNN-16s
2400,1,0.025,7,7,7,0,0,0.00404096870023335,3.87193382295987,uXdB,1,CNN-16s
1053,0,0,0,0,0,0,0,0.200905447442158,150.963349798545,y5We,1,CNN-16s
609,1,0.0985221674876847,3,3,3,0,0,0.0404930361009262,49.5421966435933,zaca,1,CNN-16s
2400,0,0,0,0,0,0,0,NaN,NaN,0pai,0,Human
943,13,0.827147401908802,75,5,5.76923076923077,42.6666666666667,34.5,NaN,NaN,3P0D,0,Human
2400,0,0,0,0,0,0,0,NaN,NaN,40kO,0,Human
2400,0,0,0,0,0,0,0,NaN,NaN,6JVj,0,Human
901,0,0,0,0,0,0,0,NaN,NaN,6iwd,0,Human
590,2,0.203389830508475,10,5,5,3,3,NaN,NaN,BSvO,0,Human
2400,0,0,0,0,0,0,0,NaN,NaN,DSfb,0,Human
2400,0,0,0,0,0,0,0,NaN,NaN,EyTS,0,Human
396,3,0.454545454545455,11,3,3.66666666666667,51,51,NaN,NaN,IhpU,0,Human
2400,3,0.075,11,4,3.66666666666667,267.5,267.5,NaN,NaN,Kn9O,0,Human
388,0,0,0,0,0,0,0,NaN,NaN,N1nM,0,Human
1228,0,0,0,0,0,0,0,NaN,NaN,Otq3,0,Human
2400,2,0.05,6,3,3,525,525,NaN,NaN,R2f3,0,Human
435,0,0,0,0,0,0,0,NaN,NaN,Xg1l,0,Human
2400,0,0,0,0,0,0,0,NaN,NaN,Xii6,0,Human
1736,16,0.552995391705069,73,4.5,4.5625,35.2,25,NaN,NaN,csxQ,0,Human
2400,0,0,0,0,0,0,0,NaN,NaN,hRMy,0,Human
2400,0,0,0,0,0,0,0,NaN,NaN,hcml,0,Human
1323,2,0.090702947845805,8,4,4,172,172,NaN,NaN,ibbz,0,Human
2400,6,0.15,34,4.5,5.66666666666667,310.6,232,NaN,NaN,kj2l,0,Human
2400,0,0,0,0,0,0,0,NaN,NaN,mBks,0,Human
2400,0,0,0,0,0,0,0,NaN,NaN,mZje,0,Human
728,2,0.164835164835165,8,4,4,443,443,NaN,NaN,tG6i,0,Human
2400,0,0,0,0,0,0,0,NaN,NaN,0ncr,1,Human
2400,13,0.325,82,5,6.30769230769231,119.666666666667,108,NaN,NaN,3J4W,1,Human
464,0,0,0,0,0,0,0,NaN,NaN,5bSg,1,Human
2400,0,0,0,0,0,0,0,NaN,NaN,9098,1,Human
639,1,0.0938967136150235,2,2,2,0,0,NaN,NaN,9JQY,1,Human
2400,0,0,0,0,0,0,0,NaN,NaN,AXbm,1,Human
2400,0,0,0,0,0,0,0,NaN,NaN,Af8a,1,Human
2400,0,0,0,0,0,0,0,NaN,NaN,AsLD,1,Human
474,1,0.126582278481013,5,5,5,0,0,NaN,NaN,C1Wu,1,Human
1863,15,0.483091787439614,83,5,5.53333333333333,66,49.5,NaN,NaN,DYYI,1,Human
460,0,0,0,0,0,0,0,NaN,NaN,DjrT,1,Human
2161,2,0.0555298472929199,9,4.5,4.5,4,4,NaN,NaN,Dr51,1,Human
2400,1,0.025,3,3,3,0,0,NaN,NaN,EHED,1,Human
1018,0,0,0,0,0,0,0,NaN,NaN,EMcQ,1,Human
1510,3,0.119205298013245,11,4,3.66666666666667,39.5,39.5,NaN,NaN,G7PJ,1,Human
683,0,0,0,0,0,0,0,NaN,NaN,Ivfn,1,Human
613,3,0.293637846655791,11,4,3.66666666666667,25.5,25.5,NaN,NaN,JCpz,1,Human
2400,8,0.2,43,5.5,5.375,284,264,NaN,NaN,LR2s,1,Human
2400,2,0.05,6,3,3,25,25,NaN,NaN,MS6u,1,Human
156,0,0,0,0,0,0,0,NaN,NaN,Msy4,1,Human
969,2,0.123839009287926,7,3.5,3.5,139,139,NaN,NaN,Nzhl,1,Human
1628,0,0,0,0,0,0,0,NaN,NaN,QDsa,1,Human
2400,0,0,0,0,0,0,0,NaN,NaN,RM1S,1,Human
14,1,4.28571428571429,7,7,7,0,0,NaN,NaN,RfL0,1,Human
2400,5,0.125,22,4,4.4,458.25,467.5,NaN,NaN,SOZ3,1,Human
2400,0,0,0,0,0,0,0,NaN,NaN,UsSz,1,Human
2400,0,0,0,0,0,0,0,NaN,NaN,UwK6,1,Human
802,8,0.598503740648379,40,3.5,5,31.2857142857143,28,NaN,NaN,X7s0,1,Human
984,2,0.121951219512195,10,5,5,21,21,NaN,NaN,Y4FK,1,Human
2400,0,0,0,0,0,0,0,NaN,NaN,YHLr,1,Human
2400,0,0,0,0,0,0,0,NaN,NaN,YOh8,1,Human
1373,16,0.699198834668609,73,4,4.5625,49.7333333333333,49,NaN,NaN,ZYFG,1,Human
2400,1,0.025,8,8,8,0,0,NaN,NaN,Zpwh,1,Human
858,1,0.0699300699300699,3,3,3,0,0,NaN,NaN,bkx9,1,Human
2400,0,0,0,0,0,0,0,NaN,NaN,cblr,1,Human
2400,2,0.05,9,4.5,4.5,211,211,NaN,NaN,d3ET,1,Human
2400,0,0,0,0,0,0,0,NaN,NaN,ddTG,1,Human
2400,0,0,0,0,0,0,0,NaN,NaN,f8H5,1,Human
2400,0,0,0,0,0,0,0,NaN,NaN,fNe4,1,Human
1360,3,0.132352941176471,14,4,4.66666666666667,15,15,NaN,NaN,fT68,1,Human
2400,0,0,0,0,0,0,0,NaN,NaN,go56,1,Human
1178,3,0.152801358234295,15,4,5,33,33,NaN,NaN,hT38,1,Human
1539,7,0.272904483430799,25,3,3.57142857142857,69.1666666666667,47,NaN,NaN,iSqw,1,Human
2400,0,0,0,0,0,0,0,NaN,NaN,ipxV,1,Human
2400,0,0,0,0,0,0,0,NaN,NaN,muls,1,Human
379,0,0,0,0,0,0,0,NaN,NaN,oOMR,1,Human
2400,0,0,0,0,0,0,0,NaN,NaN,pPpj,1,Human
2400,2,0.05,6,3,3,268,268,NaN,NaN,puoa,1,Human
1428,0,0,0,0,0,0,0,NaN,NaN,sNMf,1,Human
165,0,0,0,0,0,0,0,NaN,NaN,svlu,1,Human
2400,17,0.425,77,4,4.52941176470588,93.75,85.5,NaN,NaN,uXdB,1,Human
1053,1,0.056980056980057,4,4,4,0,0,NaN,NaN,y5We,1,Human
609,6,0.591133004926108,35,5.5,5.83333333333333,66.2,58,NaN,NaN,zaca,1,Human
